Workbook
Name ControlIDs: 'Control Assessment'!$E$7:$E$106
Name EvidenceIDs: 'Evidence Tracker'!$E$7:$E$106
Name RiskIDs: 'Risk Register'!$E$7:$E$106
Name RiskTitles: 'Risk Register'!$F$7:$F$106

Sheet Dashboard
AE2: Rating | AF2: Risks
AE3: Low | AF3: =COUNTIFS('Risk Register'!$Y$7:$Y$106,1,'Risk Register'!$N$7:$N$106,AE3) -> 0
AE4: Moderate | AF4: =COUNTIFS('Risk Register'!$Y$7:$Y$106,1,'Risk Register'!$N$7:$N$106,AE4) -> 0
F5: GRC PROJECT 01 / EXECUTIVE WORKSPACE / TRAINING SCENARIO | AE5: High | AF5: =COUNTIFS('Risk Register'!$Y$7:$Y$106,1,'Risk Register'!$N$7:$N$106,AE5) -> 4
L6: VALIDATION STATUS | T6: INHERENT RATING | AE6: Critical | AF6: =COUNTIFS('Risk Register'!$Y$7:$Y$106,1,'Risk Register'!$N$7:$N$106,AE6) -> 0
L7: All | T7: All
F8: Risk filters apply to the risk cards, distribution and heatmap. Evidence and action summaries include all records.
AE9: Evidence stage | AF9: Requests
F10: RISKS IN VIEW | L10: HIGH / CRITICAL | R10: VALIDATED IN VIEW | X10: PENDING VALIDATION | AE10: Planned | AF10: =COUNTIFS('Evidence Tracker'!$E$7:$E$106,"<>",'Evidence Tracker'!$N$7:$N$106,"Planned request") -> 4
AE11: Requested | AF11: =COUNTIFS('Evidence Tracker'!$E$7:$E$106,"<>",'Evidence Tracker'!$N$7:$N$106,"Requested") -> 0
F12: =SUM('Risk Register'!$Y$7:$Y$106) -> 4 | L12: =COUNTIFS('Risk Register'!$Y$7:$Y$106,1,'Risk Register'!$N$7:$N$106,"High")+COUNTIFS('Risk Register'!$Y$7:$Y$106,1,'Risk Register'!$N$7:$N$106,"Critical") -> 4 | R12: =COUNTIFS('Risk Register'!$Y$7:$Y$106,1,'Risk Register'!$Q$7:$Q$106,"Validated") -> 0 | X12: =COUNTIFS('Risk Register'!$Y$7:$Y$106,1,'Risk Register'!$Q$7:$Q$106,"Pending validation") -> 4 | AE12: Received | AF12: =COUNTIFS('Evidence Tracker'!$E$7:$E$106,"<>",'Evidence Tracker'!$N$7:$N$106,"Received") -> 0
AE13: In review | AF13: =COUNTIFS('Evidence Tracker'!$E$7:$E$106,"<>",'Evidence Tracker'!$N$7:$N$106,"Under review") -> 0
AE14: Reviewed | AF14: =COUNTIFS('Evidence Tracker'!$E$7:$E$106,"<>",'Evidence Tracker'!$N$7:$N$106,"Reviewed") -> 0
F15: INHERENT RISK DISTRIBUTION | R15: LIKELIHOOD × IMPACT
AE16: ='Scoring Methodology'!F16 -> 6 | AF16: ='Scoring Methodology'!F17 -> 12 | AG16: ='Scoring Methodology'!F18 -> 20
V17: 1 | W17: 2 | X17: 3 | Y17: 4 | Z17: 5 | AE17: =IF($AE$20=0,"",INDEX('Risk Register'!$N$7:$N$106,$AE$20)) -> High
U18: 5 | V18: =COUNTIFS('Risk Register'!$Y$7:$Y$106,1,'Risk Register'!$K$7:$K$106,$U18,'Risk Register'!$L$7:$L$106,V$17) -> 0 | W18: =COUNTIFS('Risk Register'!$Y$7:$Y$106,1,'Risk Register'!$K$7:$K$106,$U18,'Risk Register'!$L$7:$L$106,W$17) -> 0 | X18: =COUNTIFS('Risk Register'!$Y$7:$Y$106,1,'Risk Register'!$K$7:$K$106,$U18,'Risk Register'!$L$7:$L$106,X$17) -> 0 | Y18: =COUNTIFS('Risk Register'!$Y$7:$Y$106,1,'Risk Register'!$K$7:$K$106,$U18,'Risk Register'!$L$7:$L$106,Y$17) -> 0 | Z18: =COUNTIFS('Risk Register'!$Y$7:$Y$106,1,'Risk Register'!$K$7:$K$106,$U18,'Risk Register'!$L$7:$L$106,Z$17) -> 0
U19: 4 | V19: =COUNTIFS('Risk Register'!$Y$7:$Y$106,1,'Risk Register'!$K$7:$K$106,$U19,'Risk Register'!$L$7:$L$106,V$17) -> 0 | W19: =COUNTIFS('Risk Register'!$Y$7:$Y$106,1,'Risk Register'!$K$7:$K$106,$U19,'Risk Register'!$L$7:$L$106,W$17) -> 0 | X19: =COUNTIFS('Risk Register'!$Y$7:$Y$106,1,'Risk Register'!$K$7:$K$106,$U19,'Risk Register'!$L$7:$L$106,X$17) -> 0 | Y19: =COUNTIFS('Risk Register'!$Y$7:$Y$106,1,'Risk Register'!$K$7:$K$106,$U19,'Risk Register'!$L$7:$L$106,Y$17) -> 0 | Z19: =COUNTIFS('Risk Register'!$Y$7:$Y$106,1,'Risk Register'!$K$7:$K$106,$U19,'Risk Register'!$L$7:$L$106,Z$17) -> 0
U20: 3 | V20: =COUNTIFS('Risk Register'!$Y$7:$Y$106,1,'Risk Register'!$K$7:$K$106,$U20,'Risk Register'!$L$7:$L$106,V$17) -> 0 | W20: =COUNTIFS('Risk Register'!$Y$7:$Y$106,1,'Risk Register'!$K$7:$K$106,$U20,'Risk Register'!$L$7:$L$106,W$17) -> 0 | X20: =COUNTIFS('Risk Register'!$Y$7:$Y$106,1,'Risk Register'!$K$7:$K$106,$U20,'Risk Register'!$L$7:$L$106,X$17) -> 0 | Y20: =COUNTIFS('Risk Register'!$Y$7:$Y$106,1,'Risk Register'!$K$7:$K$106,$U20,'Risk Register'!$L$7:$L$106,Y$17) -> 4 | Z20: =COUNTIFS('Risk Register'!$Y$7:$Y$106,1,'Risk Register'!$K$7:$K$106,$U20,'Risk Register'!$L$7:$L$106,Z$17) -> 0 | AE20: =IFERROR(MATCH(X29,'Risk Register'!$E$7:$E$106,0),0) -> 1
U21: 2 | V21: =COUNTIFS('Risk Register'!$Y$7:$Y$106,1,'Risk Register'!$K$7:$K$106,$U21,'Risk Register'!$L$7:$L$106,V$17) -> 0 | W21: =COUNTIFS('Risk Register'!$Y$7:$Y$106,1,'Risk Register'!$K$7:$K$106,$U21,'Risk Register'!$L$7:$L$106,W$17) -> 0 | X21: =COUNTIFS('Risk Register'!$Y$7:$Y$106,1,'Risk Register'!$K$7:$K$106,$U21,'Risk Register'!$L$7:$L$106,X$17) -> 0 | Y21: =COUNTIFS('Risk Register'!$Y$7:$Y$106,1,'Risk Register'!$K$7:$K$106,$U21,'Risk Register'!$L$7:$L$106,Y$17) -> 0 | Z21: =COUNTIFS('Risk Register'!$Y$7:$Y$106,1,'Risk Register'!$K$7:$K$106,$U21,'Risk Register'!$L$7:$L$106,Z$17) -> 0
U22: 1 | V22: =COUNTIFS('Risk Register'!$Y$7:$Y$106,1,'Risk Register'!$K$7:$K$106,$U22,'Risk Register'!$L$7:$L$106,V$17) -> 0 | W22: =COUNTIFS('Risk Register'!$Y$7:$Y$106,1,'Risk Register'!$K$7:$K$106,$U22,'Risk Register'!$L$7:$L$106,W$17) -> 0 | X22: =COUNTIFS('Risk Register'!$Y$7:$Y$106,1,'Risk Register'!$K$7:$K$106,$U22,'Risk Register'!$L$7:$L$106,X$17) -> 0 | Y22: =COUNTIFS('Risk Register'!$Y$7:$Y$106,1,'Risk Register'!$K$7:$K$106,$U22,'Risk Register'!$L$7:$L$106,Y$17) -> 0 | Z22: =COUNTIFS('Risk Register'!$Y$7:$Y$106,1,'Risk Register'!$K$7:$K$106,$U22,'Risk Register'!$L$7:$L$106,Z$17) -> 0
R24: Rows: likelihood 5 → 1. Columns: impact 1 → 5. Each cell counts risks; color reflects the score band.
F28: =IF(F12=0,"No risks match these filters.","Risk distribution total: "&SUM(AF3:AF6)&" / "&F12&" risks in view") -> Risk distribution total: 4 / 4 risks in view
R29: SELECT RISK ID | S29: SELECT RISK | T29: SELECT RISK | U29: SELECT RISK | V29: SELECT RISK | W29: SELECT RISK | X29: R-001 | Y29: R-001 | Z29: R-001 | AA29: R-001 | AB29: R-001
F30: EVIDENCE COLLECTION | R30: =IF($AE$20=0,"SELECT A VALID RISK",INDEX('Risk Register'!$F$7:$F$106,$AE$20)&" / ASSESSMENT SNAPSHOT") -> Missing MFA / ASSESSMENT SNAPSHOT | AE30: =IF(OR('Remediation Tracker'!E7="",AND('Remediation Tracker'!I7="Approved",'Remediation Tracker'!J7="Completed",ISNUMBER('Remediation Tracker'!L7),'Remediation Tracker'!L7>0,'Remediation Tracker'!L7<=TODAY(),'Remediation Tracker'!N7="Validated",IFERROR(AND('Remediation Tracker'!M7<>"",COUNTIF('Evidence Tracker'!$E$7:$E$106,'Remediation Tracker'!M7)=1,ISNUMBER(INDEX('Evidence Tracker'!$M$7:$M$106,MATCH('Remediation Tracker'!M7,'Evidence Tracker'!$E$7:$E$106,0))),LEN(TRIM(INDEX('Evidence Tracker'!$O$7:$O$106,MATCH('Remediation Tracker'!M7,'Evidence Tracker'!$E$7:$E$106,0))))>0,LEN(TRIM(INDEX('Evidence Tracker'!$P$7:$P$106,MATCH('Remediation Tracker'!M7,'Evidence Tracker'!$E$7:$E$106,0))))>0,COUNTIFS('Evidence Tracker'!$E$7:$E$106,'Remediation Tracker'!M7,'Evidence Tracker'!$F$7:$F$106,'Remediation Tracker'!F7,'Evidence Tracker'!$N$7:$N$106,"Reviewed",'Evidence Tracker'!$Q$7:$Q$106,"Validated",'Evidence Tracker'!$M$7:$M$106,">0",'Evidence Tracker'!$M$7:$M$106,"<="&TODAY())=1),FALSE))),0,IFERROR(INDEX('Risk Register'!$M$7:$M$106,MATCH('Remediation Tracker'!F7,'Risk Register'!$E$7:$E$106,0)),0)*10000+IF(AND(ISNUMBER('Remediation Tracker'!K7),'Remediation Tracker'!K7<TODAY(),'Remediation Tracker'!J7<>"Completed"),1000,0)+107-ROW('Remediation Tracker'!E7)) -> 120100
AE31: =IF(OR('Remediation Tracker'!E8="",AND('Remediation Tracker'!I8="Approved",'Remediation Tracker'!J8="Completed",ISNUMBER('Remediation Tracker'!L8),'Remediation Tracker'!L8>0,'Remediation Tracker'!L8<=TODAY(),'Remediation Tracker'!N8="Validated",IFERROR(AND('Remediation Tracker'!M8<>"",COUNTIF('Evidence Tracker'!$E$7:$E$106,'Remediation Tracker'!M8)=1,ISNUMBER(INDEX('Evidence Tracker'!$M$7:$M$106,MATCH('Remediation Tracker'!M8,'Evidence Tracker'!$E$7:$E$106,0))),LEN(TRIM(INDEX('Evidence Tracker'!$O$7:$O$106,MATCH('Remediation Tracker'!M8,'Evidence Tracker'!$E$7:$E$106,0))))>0,LEN(TRIM(INDEX('Evidence Tracker'!$P$7:$P$106,MATCH('Remediation Tracker'!M8,'Evidence Tracker'!$E$7:$E$106,0))))>0,COUNTIFS('Evidence Tracker'!$E$7:$E$106,'Remediation Tracker'!M8,'Evidence Tracker'!$F$7:$F$106,'Remediation Tracker'!F8,'Evidence Tracker'!$N$7:$N$106,"Reviewed",'Evidence Tracker'!$Q$7:$Q$106,"Validated",'Evidence Tracker'!$M$7:$M$106,">0",'Evidence Tracker'!$M$7:$M$106,"<="&TODAY())=1),FALSE))),0,IFERROR(INDEX('Risk Register'!$M$7:$M$106,MATCH('Remediation Tracker'!F8,'Risk Register'!$E$7:$E$106,0)),0)*10000+IF(AND(ISNUMBER('Remediation Tracker'!K8),'Remediation Tracker'!K8<TODAY(),'Remediation Tracker'!J8<>"Completed"),1000,0)+107-ROW('Remediation Tracker'!E8)) -> 120099
R32: =IF($AE$20=0,"No risk selected",INDEX('Risk Register'!$F$7:$F$106,$AE$20)) -> Missing MFA | Y32: =IF($AE$20=0,"",INDEX('Risk Register'!$M$7:$M$106,$AE$20)&" / "&INDEX('Risk Register'!$N$7:$N$106,$AE$20)) -> 12 / High | AE32: =IF(OR('Remediation Tracker'!E9="",AND('Remediation Tracker'!I9="Approved",'Remediation Tracker'!J9="Completed",ISNUMBER('Remediation Tracker'!L9),'Remediation Tracker'!L9>0,'Remediation Tracker'!L9<=TODAY(),'Remediation Tracker'!N9="Validated",IFERROR(AND('Remediation Tracker'!M9<>"",COUNTIF('Evidence Tracker'!$E$7:$E$106,'Remediation Tracker'!M9)=1,ISNUMBER(INDEX('Evidence Tracker'!$M$7:$M$106,MATCH('Remediation Tracker'!M9,'Evidence Tracker'!$E$7:$E$106,0))),LEN(TRIM(INDEX('Evidence Tracker'!$O$7:$O$106,MATCH('Remediation Tracker'!M9,'Evidence Tracker'!$E$7:$E$106,0))))>0,LEN(TRIM(INDEX('Evidence Tracker'!$P$7:$P$106,MATCH('Remediation Tracker'!M9,'Evidence Tracker'!$E$7:$E$106,0))))>0,COUNTIFS('Evidence Tracker'!$E$7:$E$106,'Remediation Tracker'!M9,'Evidence Tracker'!$F$7:$F$106,'Remediation Tracker'!F9,'Evidence Tracker'!$N$7:$N$106,"Reviewed",'Evidence Tracker'!$Q$7:$Q$106,"Validated",'Evidence Tracker'!$M$7:$M$106,">0",'Evidence Tracker'!$M$7:$M$106,"<="&TODAY())=1),FALSE))),0,IFERROR(INDEX('Risk Register'!$M$7:$M$106,MATCH('Remediation Tracker'!F9,'Risk Register'!$E$7:$E$106,0)),0)*10000+IF(AND(ISNUMBER('Remediation Tracker'!K9),'Remediation Tracker'!K9<TODAY(),'Remediation Tracker'!J9<>"Completed"),1000,0)+107-ROW('Remediation Tracker'!E9)) -> 120098
AE33: =IF(OR('Remediation Tracker'!E10="",AND('Remediation Tracker'!I10="Approved",'Remediation Tracker'!J10="Completed",ISNUMBER('Remediation Tracker'!L10),'Remediation Tracker'!L10>0,'Remediation Tracker'!L10<=TODAY(),'Remediation Tracker'!N10="Validated",IFERROR(AND('Remediation Tracker'!M10<>"",COUNTIF('Evidence Tracker'!$E$7:$E$106,'Remediation Tracker'!M10)=1,ISNUMBER(INDEX('Evidence Tracker'!$M$7:$M$106,MATCH('Remediation Tracker'!M10,'Evidence Tracker'!$E$7:$E$106,0))),LEN(TRIM(INDEX('Evidence Tracker'!$O$7:$O$106,MATCH('Remediation Tracker'!M10,'Evidence Tracker'!$E$7:$E$106,0))))>0,LEN(TRIM(INDEX('Evidence Tracker'!$P$7:$P$106,MATCH('Remediation Tracker'!M10,'Evidence Tracker'!$E$7:$E$106,0))))>0,COUNTIFS('Evidence Tracker'!$E$7:$E$106,'Remediation Tracker'!M10,'Evidence Tracker'!$F$7:$F$106,'Remediation Tracker'!F10,'Evidence Tracker'!$N$7:$N$106,"Reviewed",'Evidence Tracker'!$Q$7:$Q$106,"Validated",'Evidence Tracker'!$M$7:$M$106,">0",'Evidence Tracker'!$M$7:$M$106,"<="&TODAY())=1),FALSE))),0,IFERROR(INDEX('Risk Register'!$M$7:$M$106,MATCH('Remediation Tracker'!F10,'Risk Register'!$E$7:$E$106,0)),0)*10000+IF(AND(ISNUMBER('Remediation Tracker'!K10),'Remediation Tracker'!K10<TODAY(),'Remediation Tracker'!J10<>"Completed"),1000,0)+107-ROW('Remediation Tracker'!E10)) -> 120097
AE34: =IF(OR('Remediation Tracker'!E11="",AND('Remediation Tracker'!I11="Approved",'Remediation Tracker'!J11="Completed",ISNUMBER('Remediation Tracker'!L11),'Remediation Tracker'!L11>0,'Remediation Tracker'!L11<=TODAY(),'Remediation Tracker'!N11="Validated",IFERROR(AND('Remediation Tracker'!M11<>"",COUNTIF('Evidence Tracker'!$E$7:$E$106,'Remediation Tracker'!M11)=1,ISNUMBER(INDEX('Evidence Tracker'!$M$7:$M$106,MATCH('Remediation Tracker'!M11,'Evidence Tracker'!$E$7:$E$106,0))),LEN(TRIM(INDEX('Evidence Tracker'!$O$7:$O$106,MATCH('Remediation Tracker'!M11,'Evidence Tracker'!$E$7:$E$106,0))))>0,LEN(TRIM(INDEX('Evidence Tracker'!$P$7:$P$106,MATCH('Remediation Tracker'!M11,'Evidence Tracker'!$E$7:$E$106,0))))>0,COUNTIFS('Evidence Tracker'!$E$7:$E$106,'Remediation Tracker'!M11,'Evidence Tracker'!$F$7:$F$106,'Remediation Tracker'!F11,'Evidence Tracker'!$N$7:$N$106,"Reviewed",'Evidence Tracker'!$Q$7:$Q$106,"Validated",'Evidence Tracker'!$M$7:$M$106,">0",'Evidence Tracker'!$M$7:$M$106,"<="&TODAY())=1),FALSE))),0,IFERROR(INDEX('Risk Register'!$M$7:$M$106,MATCH('Remediation Tracker'!F11,'Risk Register'!$E$7:$E$106,0)),0)*10000+IF(AND(ISNUMBER('Remediation Tracker'!K11),'Remediation Tracker'!K11<TODAY(),'Remediation Tracker'!J11<>"Completed"),1000,0)+107-ROW('Remediation Tracker'!E11)) -> 0
R35: =IF($AE$20=0,"Choose a risk above.","Validation: "&INDEX('Risk Register'!$Q$7:$Q$106,$AE$20)&". Owner: "&INDEX('Risk Register'!$O$7:$O$106,$AE$20)&". Workflow: "&INDEX('Risk Register'!$R$7:$R$106,$AE$20)&". See the scorecard and actions below for evidence and approval needs.") -> Validation: Pending validation. Owner: Security owner - proposed. Workflow: Proposed. See the scorecard and actions below for evidence and approval needs. | AE35: =IF(OR('Remediation Tracker'!E12="",AND('Remediation Tracker'!I12="Approved",'Remediation Tracker'!J12="Completed",ISNUMBER('Remediation Tracker'!L12),'Remediation Tracker'!L12>0,'Remediation Tracker'!L12<=TODAY(),'Remediation Tracker'!N12="Validated",IFERROR(AND('Remediation Tracker'!M12<>"",COUNTIF('Evidence Tracker'!$E$7:$E$106,'Remediation Tracker'!M12)=1,ISNUMBER(INDEX('Evidence Tracker'!$M$7:$M$106,MATCH('Remediation Tracker'!M12,'Evidence Tracker'!$E$7:$E$106,0))),LEN(TRIM(INDEX('Evidence Tracker'!$O$7:$O$106,MATCH('Remediation Tracker'!M12,'Evidence Tracker'!$E$7:$E$106,0))))>0,LEN(TRIM(INDEX('Evidence Tracker'!$P$7:$P$106,MATCH('Remediation Tracker'!M12,'Evidence Tracker'!$E$7:$E$106,0))))>0,COUNTIFS('Evidence Tracker'!$E$7:$E$106,'Remediation Tracker'!M12,'Evidence Tracker'!$F$7:$F$106,'Remediation Tracker'!F12,'Evidence Tracker'!$N$7:$N$106,"Reviewed",'Evidence Tracker'!$Q$7:$Q$106,"Validated",'Evidence Tracker'!$M$7:$M$106,">0",'Evidence Tracker'!$M$7:$M$106,"<="&TODAY())=1),FALSE))),0,IFERROR(INDEX('Risk Register'!$M$7:$M$106,MATCH('Remediation Tracker'!F12,'Risk Register'!$E$7:$E$106,0)),0)*10000+IF(AND(ISNUMBER('Remediation Tracker'!K12),'Remediation Tracker'!K12<TODAY(),'Remediation Tracker'!J12<>"Completed"),1000,0)+107-ROW('Remediation Tracker'!E12)) -> 0
AE36: =IF(OR('Remediation Tracker'!E13="",AND('Remediation Tracker'!I13="Approved",'Remediation Tracker'!J13="Completed",ISNUMBER('Remediation Tracker'!L13),'Remediation Tracker'!L13>0,'Remediation Tracker'!L13<=TODAY(),'Remediation Tracker'!N13="Validated",IFERROR(AND('Remediation Tracker'!M13<>"",COUNTIF('Evidence Tracker'!$E$7:$E$106,'Remediation Tracker'!M13)=1,ISNUMBER(INDEX('Evidence Tracker'!$M$7:$M$106,MATCH('Remediation Tracker'!M13,'Evidence Tracker'!$E$7:$E$106,0))),LEN(TRIM(INDEX('Evidence Tracker'!$O$7:$O$106,MATCH('Remediation Tracker'!M13,'Evidence Tracker'!$E$7:$E$106,0))))>0,LEN(TRIM(INDEX('Evidence Tracker'!$P$7:$P$106,MATCH('Remediation Tracker'!M13,'Evidence Tracker'!$E$7:$E$106,0))))>0,COUNTIFS('Evidence Tracker'!$E$7:$E$106,'Remediation Tracker'!M13,'Evidence Tracker'!$F$7:$F$106,'Remediation Tracker'!F13,'Evidence Tracker'!$N$7:$N$106,"Reviewed",'Evidence Tracker'!$Q$7:$Q$106,"Validated",'Evidence Tracker'!$M$7:$M$106,">0",'Evidence Tracker'!$M$7:$M$106,"<="&TODAY())=1),FALSE))),0,IFERROR(INDEX('Risk Register'!$M$7:$M$106,MATCH('Remediation Tracker'!F13,'Risk Register'!$E$7:$E$106,0)),0)*10000+IF(AND(ISNUMBER('Remediation Tracker'!K13),'Remediation Tracker'!K13<TODAY(),'Remediation Tracker'!J13<>"Completed"),1000,0)+107-ROW('Remediation Tracker'!E13)) -> 0
AE37: =IF(OR('Remediation Tracker'!E14="",AND('Remediation Tracker'!I14="Approved",'Remediation Tracker'!J14="Completed",ISNUMBER('Remediation Tracker'!L14),'Remediation Tracker'!L14>0,'Remediation Tracker'!L14<=TODAY(),'Remediation Tracker'!N14="Validated",IFERROR(AND('Remediation Tracker'!M14<>"",COUNTIF('Evidence Tracker'!$E$7:$E$106,'Remediation Tracker'!M14)=1,ISNUMBER(INDEX('Evidence Tracker'!$M$7:$M$106,MATCH('Remediation Tracker'!M14,'Evidence Tracker'!$E$7:$E$106,0))),LEN(TRIM(INDEX('Evidence Tracker'!$O$7:$O$106,MATCH('Remediation Tracker'!M14,'Evidence Tracker'!$E$7:$E$106,0))))>0,LEN(TRIM(INDEX('Evidence Tracker'!$P$7:$P$106,MATCH('Remediation Tracker'!M14,'Evidence Tracker'!$E$7:$E$106,0))))>0,COUNTIFS('Evidence Tracker'!$E$7:$E$106,'Remediation Tracker'!M14,'Evidence Tracker'!$F$7:$F$106,'Remediation Tracker'!F14,'Evidence Tracker'!$N$7:$N$106,"Reviewed",'Evidence Tracker'!$Q$7:$Q$106,"Validated",'Evidence Tracker'!$M$7:$M$106,">0",'Evidence Tracker'!$M$7:$M$106,"<="&TODAY())=1),FALSE))),0,IFERROR(INDEX('Risk Register'!$M$7:$M$106,MATCH('Remediation Tracker'!F14,'Risk Register'!$E$7:$E$106,0)),0)*10000+IF(AND(ISNUMBER('Remediation Tracker'!K14),'Remediation Tracker'!K14<TODAY(),'Remediation Tracker'!J14<>"Completed"),1000,0)+107-ROW('Remediation Tracker'!E14)) -> 0
AE38: =IF(OR('Remediation Tracker'!E15="",AND('Remediation Tracker'!I15="Approved",'Remediation Tracker'!J15="Completed",ISNUMBER('Remediation Tracker'!L15),'Remediation Tracker'!L15>0,'Remediation Tracker'!L15<=TODAY(),'Remediation Tracker'!N15="Validated",IFERROR(AND('Remediation Tracker'!M15<>"",COUNTIF('Evidence Tracker'!$E$7:$E$106,'Remediation Tracker'!M15)=1,ISNUMBER(INDEX('Evidence Tracker'!$M$7:$M$106,MATCH('Remediation Tracker'!M15,'Evidence Tracker'!$E$7:$E$106,0))),LEN(TRIM(INDEX('Evidence Tracker'!$O$7:$O$106,MATCH('Remediation Tracker'!M15,'Evidence Tracker'!$E$7:$E$106,0))))>0,LEN(TRIM(INDEX('Evidence Tracker'!$P$7:$P$106,MATCH('Remediation Tracker'!M15,'Evidence Tracker'!$E$7:$E$106,0))))>0,COUNTIFS('Evidence Tracker'!$E$7:$E$106,'Remediation Tracker'!M15,'Evidence Tracker'!$F$7:$F$106,'Remediation Tracker'!F15,'Evidence Tracker'!$N$7:$N$106,"Reviewed",'Evidence Tracker'!$Q$7:$Q$106,"Validated",'Evidence Tracker'!$M$7:$M$106,">0",'Evidence Tracker'!$M$7:$M$106,"<="&TODAY())=1),FALSE))),0,IFERROR(INDEX('Risk Register'!$M$7:$M$106,MATCH('Remediation Tracker'!F15,'Risk Register'!$E$7:$E$106,0)),0)*10000+IF(AND(ISNUMBER('Remediation Tracker'!K15),'Remediation Tracker'!K15<TODAY(),'Remediation Tracker'!J15<>"Completed"),1000,0)+107-ROW('Remediation Tracker'!E15)) -> 0
R39: VALIDATED EVIDENCE | AB39: =COUNTIFS('Evidence Tracker'!$E$7:$E$106,"<>",'Evidence Tracker'!$Q$7:$Q$106,"Validated") -> 0 | AE39: =IF(OR('Remediation Tracker'!E16="",AND('Remediation Tracker'!I16="Approved",'Remediation Tracker'!J16="Completed",ISNUMBER('Remediation Tracker'!L16),'Remediation Tracker'!L16>0,'Remediation Tracker'!L16<=TODAY(),'Remediation Tracker'!N16="Validated",IFERROR(AND('Remediation Tracker'!M16<>"",COUNTIF('Evidence Tracker'!$E$7:$E$106,'Remediation Tracker'!M16)=1,ISNUMBER(INDEX('Evidence Tracker'!$M$7:$M$106,MATCH('Remediation Tracker'!M16,'Evidence Tracker'!$E$7:$E$106,0))),LEN(TRIM(INDEX('Evidence Tracker'!$O$7:$O$106,MATCH('Remediation Tracker'!M16,'Evidence Tracker'!$E$7:$E$106,0))))>0,LEN(TRIM(INDEX('Evidence Tracker'!$P$7:$P$106,MATCH('Remediation Tracker'!M16,'Evidence Tracker'!$E$7:$E$106,0))))>0,COUNTIFS('Evidence Tracker'!$E$7:$E$106,'Remediation Tracker'!M16,'Evidence Tracker'!$F$7:$F$106,'Remediation Tracker'!F16,'Evidence Tracker'!$N$7:$N$106,"Reviewed",'Evidence Tracker'!$Q$7:$Q$106,"Validated",'Evidence Tracker'!$M$7:$M$106,">0",'Evidence Tracker'!$M$7:$M$106,"<="&TODAY())=1),FALSE))),0,IFERROR(INDEX('Risk Register'!$M$7:$M$106,MATCH('Remediation Tracker'!F16,'Risk Register'!$E$7:$E$106,0)),0)*10000+IF(AND(ISNUMBER('Remediation Tracker'!K16),'Remediation Tracker'!K16<TODAY(),'Remediation Tracker'!J16<>"Completed"),1000,0)+107-ROW('Remediation Tracker'!E16)) -> 0
R40: OVERDUE ACTIONS | AB40: =COUNTIFS('Remediation Tracker'!$O$7:$O$106,">0") -> 0 | AE40: =IF(OR('Remediation Tracker'!E17="",AND('Remediation Tracker'!I17="Approved",'Remediation Tracker'!J17="Completed",ISNUMBER('Remediation Tracker'!L17),'Remediation Tracker'!L17>0,'Remediation Tracker'!L17<=TODAY(),'Remediation Tracker'!N17="Validated",IFERROR(AND('Remediation Tracker'!M17<>"",COUNTIF('Evidence Tracker'!$E$7:$E$106,'Remediation Tracker'!M17)=1,ISNUMBER(INDEX('Evidence Tracker'!$M$7:$M$106,MATCH('Remediation Tracker'!M17,'Evidence Tracker'!$E$7:$E$106,0))),LEN(TRIM(INDEX('Evidence Tracker'!$O$7:$O$106,MATCH('Remediation Tracker'!M17,'Evidence Tracker'!$E$7:$E$106,0))))>0,LEN(TRIM(INDEX('Evidence Tracker'!$P$7:$P$106,MATCH('Remediation Tracker'!M17,'Evidence Tracker'!$E$7:$E$106,0))))>0,COUNTIFS('Evidence Tracker'!$E$7:$E$106,'Remediation Tracker'!M17,'Evidence Tracker'!$F$7:$F$106,'Remediation Tracker'!F17,'Evidence Tracker'!$N$7:$N$106,"Reviewed",'Evidence Tracker'!$Q$7:$Q$106,"Validated",'Evidence Tracker'!$M$7:$M$106,">0",'Evidence Tracker'!$M$7:$M$106,"<="&TODAY())=1),FALSE))),0,IFERROR(INDEX('Risk Register'!$M$7:$M$106,MATCH('Remediation Tracker'!F17,'Risk Register'!$E$7:$E$106,0)),0)*10000+IF(AND(ISNUMBER('Remediation Tracker'!K17),'Remediation Tracker'!K17<TODAY(),'Remediation Tracker'!J17<>"Completed"),1000,0)+107-ROW('Remediation Tracker'!E17)) -> 0
AE41: =IF(OR('Remediation Tracker'!E18="",AND('Remediation Tracker'!I18="Approved",'Remediation Tracker'!J18="Completed",ISNUMBER('Remediation Tracker'!L18),'Remediation Tracker'!L18>0,'Remediation Tracker'!L18<=TODAY(),'Remediation Tracker'!N18="Validated",IFERROR(AND('Remediation Tracker'!M18<>"",COUNTIF('Evidence Tracker'!$E$7:$E$106,'Remediation Tracker'!M18)=1,ISNUMBER(INDEX('Evidence Tracker'!$M$7:$M$106,MATCH('Remediation Tracker'!M18,'Evidence Tracker'!$E$7:$E$106,0))),LEN(TRIM(INDEX('Evidence Tracker'!$O$7:$O$106,MATCH('Remediation Tracker'!M18,'Evidence Tracker'!$E$7:$E$106,0))))>0,LEN(TRIM(INDEX('Evidence Tracker'!$P$7:$P$106,MATCH('Remediation Tracker'!M18,'Evidence Tracker'!$E$7:$E$106,0))))>0,COUNTIFS('Evidence Tracker'!$E$7:$E$106,'Remediation Tracker'!M18,'Evidence Tracker'!$F$7:$F$106,'Remediation Tracker'!F18,'Evidence Tracker'!$N$7:$N$106,"Reviewed",'Evidence Tracker'!$Q$7:$Q$106,"Validated",'Evidence Tracker'!$M$7:$M$106,">0",'Evidence Tracker'!$M$7:$M$106,"<="&TODAY())=1),FALSE))),0,IFERROR(INDEX('Risk Register'!$M$7:$M$106,MATCH('Remediation Tracker'!F18,'Risk Register'!$E$7:$E$106,0)),0)*10000+IF(AND(ISNUMBER('Remediation Tracker'!K18),'Remediation Tracker'!K18<TODAY(),'Remediation Tracker'!J18<>"Completed"),1000,0)+107-ROW('Remediation Tracker'!E18)) -> 0
AE42: =IF(OR('Remediation Tracker'!E19="",AND('Remediation Tracker'!I19="Approved",'Remediation Tracker'!J19="Completed",ISNUMBER('Remediation Tracker'!L19),'Remediation Tracker'!L19>0,'Remediation Tracker'!L19<=TODAY(),'Remediation Tracker'!N19="Validated",IFERROR(AND('Remediation Tracker'!M19<>"",COUNTIF('Evidence Tracker'!$E$7:$E$106,'Remediation Tracker'!M19)=1,ISNUMBER(INDEX('Evidence Tracker'!$M$7:$M$106,MATCH('Remediation Tracker'!M19,'Evidence Tracker'!$E$7:$E$106,0))),LEN(TRIM(INDEX('Evidence Tracker'!$O$7:$O$106,MATCH('Remediation Tracker'!M19,'Evidence Tracker'!$E$7:$E$106,0))))>0,LEN(TRIM(INDEX('Evidence Tracker'!$P$7:$P$106,MATCH('Remediation Tracker'!M19,'Evidence Tracker'!$E$7:$E$106,0))))>0,COUNTIFS('Evidence Tracker'!$E$7:$E$106,'Remediation Tracker'!M19,'Evidence Tracker'!$F$7:$F$106,'Remediation Tracker'!F19,'Evidence Tracker'!$N$7:$N$106,"Reviewed",'Evidence Tracker'!$Q$7:$Q$106,"Validated",'Evidence Tracker'!$M$7:$M$106,">0",'Evidence Tracker'!$M$7:$M$106,"<="&TODAY())=1),FALSE))),0,IFERROR(INDEX('Risk Register'!$M$7:$M$106,MATCH('Remediation Tracker'!F19,'Risk Register'!$E$7:$E$106,0)),0)*10000+IF(AND(ISNUMBER('Remediation Tracker'!K19),'Remediation Tracker'!K19<TODAY(),'Remediation Tracker'!J19<>"Completed"),1000,0)+107-ROW('Remediation Tracker'!E19)) -> 0
F43: ASSESSMENT WORKSPACE / Risk cards and heatmap follow the filters above. Progress, insights and action priorities below include all records. Planned requests and completed actions do not establish verified closure. | AE43: =IF(OR('Remediation Tracker'!E20="",AND('Remediation Tracker'!I20="Approved",'Remediation Tracker'!J20="Completed",ISNUMBER('Remediation Tracker'!L20),'Remediation Tracker'!L20>0,'Remediation Tracker'!L20<=TODAY(),'Remediation Tracker'!N20="Validated",IFERROR(AND('Remediation Tracker'!M20<>"",COUNTIF('Evidence Tracker'!$E$7:$E$106,'Remediation Tracker'!M20)=1,ISNUMBER(INDEX('Evidence Tracker'!$M$7:$M$106,MATCH('Remediation Tracker'!M20,'Evidence Tracker'!$E$7:$E$106,0))),LEN(TRIM(INDEX('Evidence Tracker'!$O$7:$O$106,MATCH('Remediation Tracker'!M20,'Evidence Tracker'!$E$7:$E$106,0))))>0,LEN(TRIM(INDEX('Evidence Tracker'!$P$7:$P$106,MATCH('Remediation Tracker'!M20,'Evidence Tracker'!$E$7:$E$106,0))))>0,COUNTIFS('Evidence Tracker'!$E$7:$E$106,'Remediation Tracker'!M20,'Evidence Tracker'!$F$7:$F$106,'Remediation Tracker'!F20,'Evidence Tracker'!$N$7:$N$106,"Reviewed",'Evidence Tracker'!$Q$7:$Q$106,"Validated",'Evidence Tracker'!$M$7:$M$106,">0",'Evidence Tracker'!$M$7:$M$106,"<="&TODAY())=1),FALSE))),0,IFERROR(INDEX('Risk Register'!$M$7:$M$106,MATCH('Remediation Tracker'!F20,'Risk Register'!$E$7:$E$106,0)),0)*10000+IF(AND(ISNUMBER('Remediation Tracker'!K20),'Remediation Tracker'!K20<TODAY(),'Remediation Tracker'!J20<>"Completed"),1000,0)+107-ROW('Remediation Tracker'!E20)) -> 0
AE44: =IF(OR('Remediation Tracker'!E21="",AND('Remediation Tracker'!I21="Approved",'Remediation Tracker'!J21="Completed",ISNUMBER('Remediation Tracker'!L21),'Remediation Tracker'!L21>0,'Remediation Tracker'!L21<=TODAY(),'Remediation Tracker'!N21="Validated",IFERROR(AND('Remediation Tracker'!M21<>"",COUNTIF('Evidence Tracker'!$E$7:$E$106,'Remediation Tracker'!M21)=1,ISNUMBER(INDEX('Evidence Tracker'!$M$7:$M$106,MATCH('Remediation Tracker'!M21,'Evidence Tracker'!$E$7:$E$106,0))),LEN(TRIM(INDEX('Evidence Tracker'!$O$7:$O$106,MATCH('Remediation Tracker'!M21,'Evidence Tracker'!$E$7:$E$106,0))))>0,LEN(TRIM(INDEX('Evidence Tracker'!$P$7:$P$106,MATCH('Remediation Tracker'!M21,'Evidence Tracker'!$E$7:$E$106,0))))>0,COUNTIFS('Evidence Tracker'!$E$7:$E$106,'Remediation Tracker'!M21,'Evidence Tracker'!$F$7:$F$106,'Remediation Tracker'!F21,'Evidence Tracker'!$N$7:$N$106,"Reviewed",'Evidence Tracker'!$Q$7:$Q$106,"Validated",'Evidence Tracker'!$M$7:$M$106,">0",'Evidence Tracker'!$M$7:$M$106,"<="&TODAY())=1),FALSE))),0,IFERROR(INDEX('Risk Register'!$M$7:$M$106,MATCH('Remediation Tracker'!F21,'Risk Register'!$E$7:$E$106,0)),0)*10000+IF(AND(ISNUMBER('Remediation Tracker'!K21),'Remediation Tracker'!K21<TODAY(),'Remediation Tracker'!J21<>"Completed"),1000,0)+107-ROW('Remediation Tracker'!E21)) -> 0
AE45: =IF(OR('Remediation Tracker'!E22="",AND('Remediation Tracker'!I22="Approved",'Remediation Tracker'!J22="Completed",ISNUMBER('Remediation Tracker'!L22),'Remediation Tracker'!L22>0,'Remediation Tracker'!L22<=TODAY(),'Remediation Tracker'!N22="Validated",IFERROR(AND('Remediation Tracker'!M22<>"",COUNTIF('Evidence Tracker'!$E$7:$E$106,'Remediation Tracker'!M22)=1,ISNUMBER(INDEX('Evidence Tracker'!$M$7:$M$106,MATCH('Remediation Tracker'!M22,'Evidence Tracker'!$E$7:$E$106,0))),LEN(TRIM(INDEX('Evidence Tracker'!$O$7:$O$106,MATCH('Remediation Tracker'!M22,'Evidence Tracker'!$E$7:$E$106,0))))>0,LEN(TRIM(INDEX('Evidence Tracker'!$P$7:$P$106,MATCH('Remediation Tracker'!M22,'Evidence Tracker'!$E$7:$E$106,0))))>0,COUNTIFS('Evidence Tracker'!$E$7:$E$106,'Remediation Tracker'!M22,'Evidence Tracker'!$F$7:$F$106,'Remediation Tracker'!F22,'Evidence Tracker'!$N$7:$N$106,"Reviewed",'Evidence Tracker'!$Q$7:$Q$106,"Validated",'Evidence Tracker'!$M$7:$M$106,">0",'Evidence Tracker'!$M$7:$M$106,"<="&TODAY())=1),FALSE))),0,IFERROR(INDEX('Risk Register'!$M$7:$M$106,MATCH('Remediation Tracker'!F22,'Risk Register'!$E$7:$E$106,0)),0)*10000+IF(AND(ISNUMBER('Remediation Tracker'!K22),'Remediation Tracker'!K22<TODAY(),'Remediation Tracker'!J22<>"Completed"),1000,0)+107-ROW('Remediation Tracker'!E22)) -> 0
F46: ASSESSMENT READINESS / ALL RECORDS | G46: ASSESSMENT READINESS / ALL RECORDS | H46: ASSESSMENT READINESS / ALL RECORDS | I46: ASSESSMENT READINESS / ALL RECORDS | J46: ASSESSMENT READINESS / ALL RECORDS | K46: ASSESSMENT READINESS / ALL RECORDS | L46: ASSESSMENT READINESS / ALL RECORDS | M46: ASSESSMENT READINESS / ALL RECORDS | N46: ASSESSMENT READINESS / ALL RECORDS | O46: ASSESSMENT READINESS / ALL RECORDS | P46: ASSESSMENT READINESS / ALL RECORDS | Q46: ASSESSMENT READINESS / ALL RECORDS | R46: ASSESSMENT READINESS / ALL RECORDS | S46: ASSESSMENT READINESS / ALL RECORDS | T46: ASSESSMENT READINESS / ALL RECORDS | U46: ASSESSMENT READINESS / ALL RECORDS | V46: ASSESSMENT READINESS / ALL RECORDS | W46: ASSESSMENT READINESS / ALL RECORDS | X46: ASSESSMENT READINESS / ALL RECORDS | Y46: ASSESSMENT READINESS / ALL RECORDS | Z46: ASSESSMENT READINESS / ALL RECORDS | AA46: ASSESSMENT READINESS / ALL RECORDS | AB46: ASSESSMENT READINESS / ALL RECORDS | AE46: =IF(OR('Remediation Tracker'!E23="",AND('Remediation Tracker'!I23="Approved",'Remediation Tracker'!J23="Completed",ISNUMBER('Remediation Tracker'!L23),'Remediation Tracker'!L23>0,'Remediation Tracker'!L23<=TODAY(),'Remediation Tracker'!N23="Validated",IFERROR(AND('Remediation Tracker'!M23<>"",COUNTIF('Evidence Tracker'!$E$7:$E$106,'Remediation Tracker'!M23)=1,ISNUMBER(INDEX('Evidence Tracker'!$M$7:$M$106,MATCH('Remediation Tracker'!M23,'Evidence Tracker'!$E$7:$E$106,0))),LEN(TRIM(INDEX('Evidence Tracker'!$O$7:$O$106,MATCH('Remediation Tracker'!M23,'Evidence Tracker'!$E$7:$E$106,0))))>0,LEN(TRIM(INDEX('Evidence Tracker'!$P$7:$P$106,MATCH('Remediation Tracker'!M23,'Evidence Tracker'!$E$7:$E$106,0))))>0,COUNTIFS('Evidence Tracker'!$E$7:$E$106,'Remediation Tracker'!M23,'Evidence Tracker'!$F$7:$F$106,'Remediation Tracker'!F23,'Evidence Tracker'!$N$7:$N$106,"Reviewed",'Evidence Tracker'!$Q$7:$Q$106,"Validated",'Evidence Tracker'!$M$7:$M$106,">0",'Evidence Tracker'!$M$7:$M$106,"<="&TODAY())=1),FALSE))),0,IFERROR(INDEX('Risk Register'!$M$7:$M$106,MATCH('Remediation Tracker'!F23,'Risk Register'!$E$7:$E$106,0)),0)*10000+IF(AND(ISNUMBER('Remediation Tracker'!K23),'Remediation Tracker'!K23<TODAY(),'Remediation Tracker'!J23<>"Completed"),1000,0)+107-ROW('Remediation Tracker'!E23)) -> 0
AE47: =IF(OR('Remediation Tracker'!E24="",AND('Remediation Tracker'!I24="Approved",'Remediation Tracker'!J24="Completed",ISNUMBER('Remediation Tracker'!L24),'Remediation Tracker'!L24>0,'Remediation Tracker'!L24<=TODAY(),'Remediation Tracker'!N24="Validated",IFERROR(AND('Remediation Tracker'!M24<>"",COUNTIF('Evidence Tracker'!$E$7:$E$106,'Remediation Tracker'!M24)=1,ISNUMBER(INDEX('Evidence Tracker'!$M$7:$M$106,MATCH('Remediation Tracker'!M24,'Evidence Tracker'!$E$7:$E$106,0))),LEN(TRIM(INDEX('Evidence Tracker'!$O$7:$O$106,MATCH('Remediation Tracker'!M24,'Evidence Tracker'!$E$7:$E$106,0))))>0,LEN(TRIM(INDEX('Evidence Tracker'!$P$7:$P$106,MATCH('Remediation Tracker'!M24,'Evidence Tracker'!$E$7:$E$106,0))))>0,COUNTIFS('Evidence Tracker'!$E$7:$E$106,'Remediation Tracker'!M24,'Evidence Tracker'!$F$7:$F$106,'Remediation Tracker'!F24,'Evidence Tracker'!$N$7:$N$106,"Reviewed",'Evidence Tracker'!$Q$7:$Q$106,"Validated",'Evidence Tracker'!$M$7:$M$106,">0",'Evidence Tracker'!$M$7:$M$106,"<="&TODAY())=1),FALSE))),0,IFERROR(INDEX('Risk Register'!$M$7:$M$106,MATCH('Remediation Tracker'!F24,'Risk Register'!$E$7:$E$106,0)),0)*10000+IF(AND(ISNUMBER('Remediation Tracker'!K24),'Remediation Tracker'!K24<TODAY(),'Remediation Tracker'!J24<>"Completed"),1000,0)+107-ROW('Remediation Tracker'!E24)) -> 0
F48: CONTROLS ASSESSED | G48: CONTROLS ASSESSED | H48: CONTROLS ASSESSED | I48: CONTROLS ASSESSED | J48: CONTROLS ASSESSED | L48: EVIDENCE REVIEWED | M48: EVIDENCE REVIEWED | N48: EVIDENCE REVIEWED | O48: EVIDENCE REVIEWED | P48: EVIDENCE REVIEWED | R48: CLOSURES VERIFIED | S48: CLOSURES VERIFIED | T48: CLOSURES VERIFIED | U48: CLOSURES VERIFIED | V48: CLOSURES VERIFIED | X48: UNSCHEDULED ACTIONS | Y48: UNSCHEDULED ACTIONS | Z48: UNSCHEDULED ACTIONS | AA48: UNSCHEDULED ACTIONS | AB48: UNSCHEDULED ACTIONS | AE48: =IF(OR('Remediation Tracker'!E25="",AND('Remediation Tracker'!I25="Approved",'Remediation Tracker'!J25="Completed",ISNUMBER('Remediation Tracker'!L25),'Remediation Tracker'!L25>0,'Remediation Tracker'!L25<=TODAY(),'Remediation Tracker'!N25="Validated",IFERROR(AND('Remediation Tracker'!M25<>"",COUNTIF('Evidence Tracker'!$E$7:$E$106,'Remediation Tracker'!M25)=1,ISNUMBER(INDEX('Evidence Tracker'!$M$7:$M$106,MATCH('Remediation Tracker'!M25,'Evidence Tracker'!$E$7:$E$106,0))),LEN(TRIM(INDEX('Evidence Tracker'!$O$7:$O$106,MATCH('Remediation Tracker'!M25,'Evidence Tracker'!$E$7:$E$106,0))))>0,LEN(TRIM(INDEX('Evidence Tracker'!$P$7:$P$106,MATCH('Remediation Tracker'!M25,'Evidence Tracker'!$E$7:$E$106,0))))>0,COUNTIFS('Evidence Tracker'!$E$7:$E$106,'Remediation Tracker'!M25,'Evidence Tracker'!$F$7:$F$106,'Remediation Tracker'!F25,'Evidence Tracker'!$N$7:$N$106,"Reviewed",'Evidence Tracker'!$Q$7:$Q$106,"Validated",'Evidence Tracker'!$M$7:$M$106,">0",'Evidence Tracker'!$M$7:$M$106,"<="&TODAY())=1),FALSE))),0,IFERROR(INDEX('Risk Register'!$M$7:$M$106,MATCH('Remediation Tracker'!F25,'Risk Register'!$E$7:$E$106,0)),0)*10000+IF(AND(ISNUMBER('Remediation Tracker'!K25),'Remediation Tracker'!K25<TODAY(),'Remediation Tracker'!J25<>"Completed"),1000,0)+107-ROW('Remediation Tracker'!E25)) -> 0
F49: =COUNTIFS('Control Assessment'!$E$7:$E$106,"<>",'Control Assessment'!$J$7:$J$106,"<>",'Control Assessment'!$J$7:$J$106,"<>Not assessed",'Control Assessment'!$K$7:$K$106,"<>",'Control Assessment'!$K$7:$K$106,"<>Not assessed") -> 0 | L49: =COUNTIFS('Evidence Tracker'!$E$7:$E$106,"<>",'Evidence Tracker'!$N$7:$N$106,"Reviewed") -> 0 | R49: =COUNTIFS('Remediation Tracker'!$E$7:$E$106,"<>",$AE$30:$AE$129,0) -> 0 | X49: =COUNTIFS('Remediation Tracker'!$E$7:$E$106,"<>",'Remediation Tracker'!$J$7:$J$106,"<>Completed",'Remediation Tracker'!$K$7:$K$106,"=") -> 4 | AE49: =IF(OR('Remediation Tracker'!E26="",AND('Remediation Tracker'!I26="Approved",'Remediation Tracker'!J26="Completed",ISNUMBER('Remediation Tracker'!L26),'Remediation Tracker'!L26>0,'Remediation Tracker'!L26<=TODAY(),'Remediation Tracker'!N26="Validated",IFERROR(AND('Remediation Tracker'!M26<>"",COUNTIF('Evidence Tracker'!$E$7:$E$106,'Remediation Tracker'!M26)=1,ISNUMBER(INDEX('Evidence Tracker'!$M$7:$M$106,MATCH('Remediation Tracker'!M26,'Evidence Tracker'!$E$7:$E$106,0))),LEN(TRIM(INDEX('Evidence Tracker'!$O$7:$O$106,MATCH('Remediation Tracker'!M26,'Evidence Tracker'!$E$7:$E$106,0))))>0,LEN(TRIM(INDEX('Evidence Tracker'!$P$7:$P$106,MATCH('Remediation Tracker'!M26,'Evidence Tracker'!$E$7:$E$106,0))))>0,COUNTIFS('Evidence Tracker'!$E$7:$E$106,'Remediation Tracker'!M26,'Evidence Tracker'!$F$7:$F$106,'Remediation Tracker'!F26,'Evidence Tracker'!$N$7:$N$106,"Reviewed",'Evidence Tracker'!$Q$7:$Q$106,"Validated",'Evidence Tracker'!$M$7:$M$106,">0",'Evidence Tracker'!$M$7:$M$106,"<="&TODAY())=1),FALSE))),0,IFERROR(INDEX('Risk Register'!$M$7:$M$106,MATCH('Remediation Tracker'!F26,'Risk Register'!$E$7:$E$106,0)),0)*10000+IF(AND(ISNUMBER('Remediation Tracker'!K26),'Remediation Tracker'!K26<TODAY(),'Remediation Tracker'!J26<>"Completed"),1000,0)+107-ROW('Remediation Tracker'!E26)) -> 0
AE50: =IF(OR('Remediation Tracker'!E27="",AND('Remediation Tracker'!I27="Approved",'Remediation Tracker'!J27="Completed",ISNUMBER('Remediation Tracker'!L27),'Remediation Tracker'!L27>0,'Remediation Tracker'!L27<=TODAY(),'Remediation Tracker'!N27="Validated",IFERROR(AND('Remediation Tracker'!M27<>"",COUNTIF('Evidence Tracker'!$E$7:$E$106,'Remediation Tracker'!M27)=1,ISNUMBER(INDEX('Evidence Tracker'!$M$7:$M$106,MATCH('Remediation Tracker'!M27,'Evidence Tracker'!$E$7:$E$106,0))),LEN(TRIM(INDEX('Evidence Tracker'!$O$7:$O$106,MATCH('Remediation Tracker'!M27,'Evidence Tracker'!$E$7:$E$106,0))))>0,LEN(TRIM(INDEX('Evidence Tracker'!$P$7:$P$106,MATCH('Remediation Tracker'!M27,'Evidence Tracker'!$E$7:$E$106,0))))>0,COUNTIFS('Evidence Tracker'!$E$7:$E$106,'Remediation Tracker'!M27,'Evidence Tracker'!$F$7:$F$106,'Remediation Tracker'!F27,'Evidence Tracker'!$N$7:$N$106,"Reviewed",'Evidence Tracker'!$Q$7:$Q$106,"Validated",'Evidence Tracker'!$M$7:$M$106,">0",'Evidence Tracker'!$M$7:$M$106,"<="&TODAY())=1),FALSE))),0,IFERROR(INDEX('Risk Register'!$M$7:$M$106,MATCH('Remediation Tracker'!F27,'Risk Register'!$E$7:$E$106,0)),0)*10000+IF(AND(ISNUMBER('Remediation Tracker'!K27),'Remediation Tracker'!K27<TODAY(),'Remediation Tracker'!J27<>"Completed"),1000,0)+107-ROW('Remediation Tracker'!E27)) -> 0
AE51: =IF(OR('Remediation Tracker'!E28="",AND('Remediation Tracker'!I28="Approved",'Remediation Tracker'!J28="Completed",ISNUMBER('Remediation Tracker'!L28),'Remediation Tracker'!L28>0,'Remediation Tracker'!L28<=TODAY(),'Remediation Tracker'!N28="Validated",IFERROR(AND('Remediation Tracker'!M28<>"",COUNTIF('Evidence Tracker'!$E$7:$E$106,'Remediation Tracker'!M28)=1,ISNUMBER(INDEX('Evidence Tracker'!$M$7:$M$106,MATCH('Remediation Tracker'!M28,'Evidence Tracker'!$E$7:$E$106,0))),LEN(TRIM(INDEX('Evidence Tracker'!$O$7:$O$106,MATCH('Remediation Tracker'!M28,'Evidence Tracker'!$E$7:$E$106,0))))>0,LEN(TRIM(INDEX('Evidence Tracker'!$P$7:$P$106,MATCH('Remediation Tracker'!M28,'Evidence Tracker'!$E$7:$E$106,0))))>0,COUNTIFS('Evidence Tracker'!$E$7:$E$106,'Remediation Tracker'!M28,'Evidence Tracker'!$F$7:$F$106,'Remediation Tracker'!F28,'Evidence Tracker'!$N$7:$N$106,"Reviewed",'Evidence Tracker'!$Q$7:$Q$106,"Validated",'Evidence Tracker'!$M$7:$M$106,">0",'Evidence Tracker'!$M$7:$M$106,"<="&TODAY())=1),FALSE))),0,IFERROR(INDEX('Risk Register'!$M$7:$M$106,MATCH('Remediation Tracker'!F28,'Risk Register'!$E$7:$E$106,0)),0)*10000+IF(AND(ISNUMBER('Remediation Tracker'!K28),'Remediation Tracker'!K28<TODAY(),'Remediation Tracker'!J28<>"Completed"),1000,0)+107-ROW('Remediation Tracker'!E28)) -> 0
F52: EXECUTIVE INSIGHTS | G52: EXECUTIVE INSIGHTS | H52: EXECUTIVE INSIGHTS | I52: EXECUTIVE INSIGHTS | J52: EXECUTIVE INSIGHTS | K52: EXECUTIVE INSIGHTS | L52: EXECUTIVE INSIGHTS | M52: EXECUTIVE INSIGHTS | N52: EXECUTIVE INSIGHTS | O52: EXECUTIVE INSIGHTS | P52: EXECUTIVE INSIGHTS | Q52: EXECUTIVE INSIGHTS | R52: EXECUTIVE INSIGHTS | S52: EXECUTIVE INSIGHTS | T52: EXECUTIVE INSIGHTS | U52: EXECUTIVE INSIGHTS | V52: EXECUTIVE INSIGHTS | W52: EXECUTIVE INSIGHTS | X52: EXECUTIVE INSIGHTS | Y52: EXECUTIVE INSIGHTS | Z52: EXECUTIVE INSIGHTS | AA52: EXECUTIVE INSIGHTS | AB52: EXECUTIVE INSIGHTS | AE52: =IF(OR('Remediation Tracker'!E29="",AND('Remediation Tracker'!I29="Approved",'Remediation Tracker'!J29="Completed",ISNUMBER('Remediation Tracker'!L29),'Remediation Tracker'!L29>0,'Remediation Tracker'!L29<=TODAY(),'Remediation Tracker'!N29="Validated",IFERROR(AND('Remediation Tracker'!M29<>"",COUNTIF('Evidence Tracker'!$E$7:$E$106,'Remediation Tracker'!M29)=1,ISNUMBER(INDEX('Evidence Tracker'!$M$7:$M$106,MATCH('Remediation Tracker'!M29,'Evidence Tracker'!$E$7:$E$106,0))),LEN(TRIM(INDEX('Evidence Tracker'!$O$7:$O$106,MATCH('Remediation Tracker'!M29,'Evidence Tracker'!$E$7:$E$106,0))))>0,LEN(TRIM(INDEX('Evidence Tracker'!$P$7:$P$106,MATCH('Remediation Tracker'!M29,'Evidence Tracker'!$E$7:$E$106,0))))>0,COUNTIFS('Evidence Tracker'!$E$7:$E$106,'Remediation Tracker'!M29,'Evidence Tracker'!$F$7:$F$106,'Remediation Tracker'!F29,'Evidence Tracker'!$N$7:$N$106,"Reviewed",'Evidence Tracker'!$Q$7:$Q$106,"Validated",'Evidence Tracker'!$M$7:$M$106,">0",'Evidence Tracker'!$M$7:$M$106,"<="&TODAY())=1),FALSE))),0,IFERROR(INDEX('Risk Register'!$M$7:$M$106,MATCH('Remediation Tracker'!F29,'Risk Register'!$E$7:$E$106,0)),0)*10000+IF(AND(ISNUMBER('Remediation Tracker'!K29),'Remediation Tracker'!K29<TODAY(),'Remediation Tracker'!J29<>"Completed"),1000,0)+107-ROW('Remediation Tracker'!E29)) -> 0
F53: =COUNTA('Risk Register'!$E$7:$E$106)&" risks recorded; "&COUNTIFS('Risk Register'!$E$7:$E$106,"<>",'Risk Register'!$Q$7:$Q$106,"Pending validation")&" await validation. "&COUNTIFS('Control Assessment'!$E$7:$E$106,"<>",'Control Assessment'!$J$7:$J$106,"Not assessed")&" controls have no design assessment; "&COUNTIFS('Control Assessment'!$E$7:$E$106,"<>",'Control Assessment'!$K$7:$K$106,"Not assessed")&" have no operating assessment." -> 4 risks recorded; 4 await validation. 4 controls have no design assessment; 4 have no operating assessment. | AE53: =IF(OR('Remediation Tracker'!E30="",AND('Remediation Tracker'!I30="Approved",'Remediation Tracker'!J30="Completed",ISNUMBER('Remediation Tracker'!L30),'Remediation Tracker'!L30>0,'Remediation Tracker'!L30<=TODAY(),'Remediation Tracker'!N30="Validated",IFERROR(AND('Remediation Tracker'!M30<>"",COUNTIF('Evidence Tracker'!$E$7:$E$106,'Remediation Tracker'!M30)=1,ISNUMBER(INDEX('Evidence Tracker'!$M$7:$M$106,MATCH('Remediation Tracker'!M30,'Evidence Tracker'!$E$7:$E$106,0))),LEN(TRIM(INDEX('Evidence Tracker'!$O$7:$O$106,MATCH('Remediation Tracker'!M30,'Evidence Tracker'!$E$7:$E$106,0))))>0,LEN(TRIM(INDEX('Evidence Tracker'!$P$7:$P$106,MATCH('Remediation Tracker'!M30,'Evidence Tracker'!$E$7:$E$106,0))))>0,COUNTIFS('Evidence Tracker'!$E$7:$E$106,'Remediation Tracker'!M30,'Evidence Tracker'!$F$7:$F$106,'Remediation Tracker'!F30,'Evidence Tracker'!$N$7:$N$106,"Reviewed",'Evidence Tracker'!$Q$7:$Q$106,"Validated",'Evidence Tracker'!$M$7:$M$106,">0",'Evidence Tracker'!$M$7:$M$106,"<="&TODAY())=1),FALSE))),0,IFERROR(INDEX('Risk Register'!$M$7:$M$106,MATCH('Remediation Tracker'!F30,'Risk Register'!$E$7:$E$106,0)),0)*10000+IF(AND(ISNUMBER('Remediation Tracker'!K30),'Remediation Tracker'!K30<TODAY(),'Remediation Tracker'!J30<>"Completed"),1000,0)+107-ROW('Remediation Tracker'!E30)) -> 0
AE54: =IF(OR('Remediation Tracker'!E31="",AND('Remediation Tracker'!I31="Approved",'Remediation Tracker'!J31="Completed",ISNUMBER('Remediation Tracker'!L31),'Remediation Tracker'!L31>0,'Remediation Tracker'!L31<=TODAY(),'Remediation Tracker'!N31="Validated",IFERROR(AND('Remediation Tracker'!M31<>"",COUNTIF('Evidence Tracker'!$E$7:$E$106,'Remediation Tracker'!M31)=1,ISNUMBER(INDEX('Evidence Tracker'!$M$7:$M$106,MATCH('Remediation Tracker'!M31,'Evidence Tracker'!$E$7:$E$106,0))),LEN(TRIM(INDEX('Evidence Tracker'!$O$7:$O$106,MATCH('Remediation Tracker'!M31,'Evidence Tracker'!$E$7:$E$106,0))))>0,LEN(TRIM(INDEX('Evidence Tracker'!$P$7:$P$106,MATCH('Remediation Tracker'!M31,'Evidence Tracker'!$E$7:$E$106,0))))>0,COUNTIFS('Evidence Tracker'!$E$7:$E$106,'Remediation Tracker'!M31,'Evidence Tracker'!$F$7:$F$106,'Remediation Tracker'!F31,'Evidence Tracker'!$N$7:$N$106,"Reviewed",'Evidence Tracker'!$Q$7:$Q$106,"Validated",'Evidence Tracker'!$M$7:$M$106,">0",'Evidence Tracker'!$M$7:$M$106,"<="&TODAY())=1),FALSE))),0,IFERROR(INDEX('Risk Register'!$M$7:$M$106,MATCH('Remediation Tracker'!F31,'Risk Register'!$E$7:$E$106,0)),0)*10000+IF(AND(ISNUMBER('Remediation Tracker'!K31),'Remediation Tracker'!K31<TODAY(),'Remediation Tracker'!J31<>"Completed"),1000,0)+107-ROW('Remediation Tracker'!E31)) -> 0
F55: =COUNTIFS('Evidence Tracker'!$E$7:$E$106,"<>",'Evidence Tracker'!$N$7:$N$106,"Planned request")&" evidence requests remain planned; "&COUNTIFS('Evidence Tracker'!$E$7:$E$106,"<>",'Evidence Tracker'!$N$7:$N$106,"Reviewed")&" are reviewed. "&COUNTIFS('Remediation Tracker'!$E$7:$E$106,"<>",'Remediation Tracker'!$I$7:$I$106,"Pending approval")&" actions await approval; "&X49&" open actions have no target date." -> 4 evidence requests remain planned; 0 are reviewed. 4 actions await approval; 4 open actions have no target date. | AE55: =IF(OR('Remediation Tracker'!E32="",AND('Remediation Tracker'!I32="Approved",'Remediation Tracker'!J32="Completed",ISNUMBER('Remediation Tracker'!L32),'Remediation Tracker'!L32>0,'Remediation Tracker'!L32<=TODAY(),'Remediation Tracker'!N32="Validated",IFERROR(AND('Remediation Tracker'!M32<>"",COUNTIF('Evidence Tracker'!$E$7:$E$106,'Remediation Tracker'!M32)=1,ISNUMBER(INDEX('Evidence Tracker'!$M$7:$M$106,MATCH('Remediation Tracker'!M32,'Evidence Tracker'!$E$7:$E$106,0))),LEN(TRIM(INDEX('Evidence Tracker'!$O$7:$O$106,MATCH('Remediation Tracker'!M32,'Evidence Tracker'!$E$7:$E$106,0))))>0,LEN(TRIM(INDEX('Evidence Tracker'!$P$7:$P$106,MATCH('Remediation Tracker'!M32,'Evidence Tracker'!$E$7:$E$106,0))))>0,COUNTIFS('Evidence Tracker'!$E$7:$E$106,'Remediation Tracker'!M32,'Evidence Tracker'!$F$7:$F$106,'Remediation Tracker'!F32,'Evidence Tracker'!$N$7:$N$106,"Reviewed",'Evidence Tracker'!$Q$7:$Q$106,"Validated",'Evidence Tracker'!$M$7:$M$106,">0",'Evidence Tracker'!$M$7:$M$106,"<="&TODAY())=1),FALSE))),0,IFERROR(INDEX('Risk Register'!$M$7:$M$106,MATCH('Remediation Tracker'!F32,'Risk Register'!$E$7:$E$106,0)),0)*10000+IF(AND(ISNUMBER('Remediation Tracker'!K32),'Remediation Tracker'!K32<TODAY(),'Remediation Tracker'!J32<>"Completed"),1000,0)+107-ROW('Remediation Tracker'!E32)) -> 0
AE56: =IF(OR('Remediation Tracker'!E33="",AND('Remediation Tracker'!I33="Approved",'Remediation Tracker'!J33="Completed",ISNUMBER('Remediation Tracker'!L33),'Remediation Tracker'!L33>0,'Remediation Tracker'!L33<=TODAY(),'Remediation Tracker'!N33="Validated",IFERROR(AND('Remediation Tracker'!M33<>"",COUNTIF('Evidence Tracker'!$E$7:$E$106,'Remediation Tracker'!M33)=1,ISNUMBER(INDEX('Evidence Tracker'!$M$7:$M$106,MATCH('Remediation Tracker'!M33,'Evidence Tracker'!$E$7:$E$106,0))),LEN(TRIM(INDEX('Evidence Tracker'!$O$7:$O$106,MATCH('Remediation Tracker'!M33,'Evidence Tracker'!$E$7:$E$106,0))))>0,LEN(TRIM(INDEX('Evidence Tracker'!$P$7:$P$106,MATCH('Remediation Tracker'!M33,'Evidence Tracker'!$E$7:$E$106,0))))>0,COUNTIFS('Evidence Tracker'!$E$7:$E$106,'Remediation Tracker'!M33,'Evidence Tracker'!$F$7:$F$106,'Remediation Tracker'!F33,'Evidence Tracker'!$N$7:$N$106,"Reviewed",'Evidence Tracker'!$Q$7:$Q$106,"Validated",'Evidence Tracker'!$M$7:$M$106,">0",'Evidence Tracker'!$M$7:$M$106,"<="&TODAY())=1),FALSE))),0,IFERROR(INDEX('Risk Register'!$M$7:$M$106,MATCH('Remediation Tracker'!F33,'Risk Register'!$E$7:$E$106,0)),0)*10000+IF(AND(ISNUMBER('Remediation Tracker'!K33),'Remediation Tracker'!K33<TODAY(),'Remediation Tracker'!J33<>"Completed"),1000,0)+107-ROW('Remediation Tracker'!E33)) -> 0
F57: =IF(AND(COUNTA('Risk Register'!$E$7:$E$106)>0,COUNTIFS('Risk Register'!$E$7:$E$106,"<>",'Risk Register'!$Q$7:$Q$106,"Validated")=COUNTA('Risk Register'!$E$7:$E$106)),"Risk records are marked validated. Confirm assessments and reviewer approvals before sign-off.","SIGN-OFF PENDING / Evidence, assessment and approval prerequisites remain open. Verified closure requires approval, a valid completion date and reviewed, validated evidence linked to the same risk.") -> SIGN-OFF PENDING / Evidence, assessment and approval prerequisites remain open. Verified closure requires approval, a valid completion date and reviewed, validated evidence linked to the same risk. | AE57: =IF(OR('Remediation Tracker'!E34="",AND('Remediation Tracker'!I34="Approved",'Remediation Tracker'!J34="Completed",ISNUMBER('Remediation Tracker'!L34),'Remediation Tracker'!L34>0,'Remediation Tracker'!L34<=TODAY(),'Remediation Tracker'!N34="Validated",IFERROR(AND('Remediation Tracker'!M34<>"",COUNTIF('Evidence Tracker'!$E$7:$E$106,'Remediation Tracker'!M34)=1,ISNUMBER(INDEX('Evidence Tracker'!$M$7:$M$106,MATCH('Remediation Tracker'!M34,'Evidence Tracker'!$E$7:$E$106,0))),LEN(TRIM(INDEX('Evidence Tracker'!$O$7:$O$106,MATCH('Remediation Tracker'!M34,'Evidence Tracker'!$E$7:$E$106,0))))>0,LEN(TRIM(INDEX('Evidence Tracker'!$P$7:$P$106,MATCH('Remediation Tracker'!M34,'Evidence Tracker'!$E$7:$E$106,0))))>0,COUNTIFS('Evidence Tracker'!$E$7:$E$106,'Remediation Tracker'!M34,'Evidence Tracker'!$F$7:$F$106,'Remediation Tracker'!F34,'Evidence Tracker'!$N$7:$N$106,"Reviewed",'Evidence Tracker'!$Q$7:$Q$106,"Validated",'Evidence Tracker'!$M$7:$M$106,">0",'Evidence Tracker'!$M$7:$M$106,"<="&TODAY())=1),FALSE))),0,IFERROR(INDEX('Risk Register'!$M$7:$M$106,MATCH('Remediation Tracker'!F34,'Risk Register'!$E$7:$E$106,0)),0)*10000+IF(AND(ISNUMBER('Remediation Tracker'!K34),'Remediation Tracker'!K34<TODAY(),'Remediation Tracker'!J34<>"Completed"),1000,0)+107-ROW('Remediation Tracker'!E34)) -> 0
AE58: =IF(OR('Remediation Tracker'!E35="",AND('Remediation Tracker'!I35="Approved",'Remediation Tracker'!J35="Completed",ISNUMBER('Remediation Tracker'!L35),'Remediation Tracker'!L35>0,'Remediation Tracker'!L35<=TODAY(),'Remediation Tracker'!N35="Validated",IFERROR(AND('Remediation Tracker'!M35<>"",COUNTIF('Evidence Tracker'!$E$7:$E$106,'Remediation Tracker'!M35)=1,ISNUMBER(INDEX('Evidence Tracker'!$M$7:$M$106,MATCH('Remediation Tracker'!M35,'Evidence Tracker'!$E$7:$E$106,0))),LEN(TRIM(INDEX('Evidence Tracker'!$O$7:$O$106,MATCH('Remediation Tracker'!M35,'Evidence Tracker'!$E$7:$E$106,0))))>0,LEN(TRIM(INDEX('Evidence Tracker'!$P$7:$P$106,MATCH('Remediation Tracker'!M35,'Evidence Tracker'!$E$7:$E$106,0))))>0,COUNTIFS('Evidence Tracker'!$E$7:$E$106,'Remediation Tracker'!M35,'Evidence Tracker'!$F$7:$F$106,'Remediation Tracker'!F35,'Evidence Tracker'!$N$7:$N$106,"Reviewed",'Evidence Tracker'!$Q$7:$Q$106,"Validated",'Evidence Tracker'!$M$7:$M$106,">0",'Evidence Tracker'!$M$7:$M$106,"<="&TODAY())=1),FALSE))),0,IFERROR(INDEX('Risk Register'!$M$7:$M$106,MATCH('Remediation Tracker'!F35,'Risk Register'!$E$7:$E$106,0)),0)*10000+IF(AND(ISNUMBER('Remediation Tracker'!K35),'Remediation Tracker'!K35<TODAY(),'Remediation Tracker'!J35<>"Completed"),1000,0)+107-ROW('Remediation Tracker'!E35)) -> 0
F59: ="TRACEABILITY ALERT / "&COUNTIFS('Risk Register'!$E$7:$E$106,"<>",'Risk Register'!$S$7:$S$106,"=")&" risk records lack evidence IDs. Approval must precede scheduling and implementation." -> TRACEABILITY ALERT / 0 risk records lack evidence IDs. Approval must precede scheduling and implementation. | AE59: =IF(OR('Remediation Tracker'!E36="",AND('Remediation Tracker'!I36="Approved",'Remediation Tracker'!J36="Completed",ISNUMBER('Remediation Tracker'!L36),'Remediation Tracker'!L36>0,'Remediation Tracker'!L36<=TODAY(),'Remediation Tracker'!N36="Validated",IFERROR(AND('Remediation Tracker'!M36<>"",COUNTIF('Evidence Tracker'!$E$7:$E$106,'Remediation Tracker'!M36)=1,ISNUMBER(INDEX('Evidence Tracker'!$M$7:$M$106,MATCH('Remediation Tracker'!M36,'Evidence Tracker'!$E$7:$E$106,0))),LEN(TRIM(INDEX('Evidence Tracker'!$O$7:$O$106,MATCH('Remediation Tracker'!M36,'Evidence Tracker'!$E$7:$E$106,0))))>0,LEN(TRIM(INDEX('Evidence Tracker'!$P$7:$P$106,MATCH('Remediation Tracker'!M36,'Evidence Tracker'!$E$7:$E$106,0))))>0,COUNTIFS('Evidence Tracker'!$E$7:$E$106,'Remediation Tracker'!M36,'Evidence Tracker'!$F$7:$F$106,'Remediation Tracker'!F36,'Evidence Tracker'!$N$7:$N$106,"Reviewed",'Evidence Tracker'!$Q$7:$Q$106,"Validated",'Evidence Tracker'!$M$7:$M$106,">0",'Evidence Tracker'!$M$7:$M$106,"<="&TODAY())=1),FALSE))),0,IFERROR(INDEX('Risk Register'!$M$7:$M$106,MATCH('Remediation Tracker'!F36,'Risk Register'!$E$7:$E$106,0)),0)*10000+IF(AND(ISNUMBER('Remediation Tracker'!K36),'Remediation Tracker'!K36<TODAY(),'Remediation Tracker'!J36<>"Completed"),1000,0)+107-ROW('Remediation Tracker'!E36)) -> 0
F60: RISK SCORECARD / FIRST 10 REGISTERED RISKS | G60: RISK SCORECARD / FIRST 10 REGISTERED RISKS | H60: RISK SCORECARD / FIRST 10 REGISTERED RISKS | I60: RISK SCORECARD / FIRST 10 REGISTERED RISKS | J60: RISK SCORECARD / FIRST 10 REGISTERED RISKS | K60: RISK SCORECARD / FIRST 10 REGISTERED RISKS | L60: RISK SCORECARD / FIRST 10 REGISTERED RISKS | M60: RISK SCORECARD / FIRST 10 REGISTERED RISKS | N60: RISK SCORECARD / FIRST 10 REGISTERED RISKS | O60: RISK SCORECARD / FIRST 10 REGISTERED RISKS | P60: RISK SCORECARD / FIRST 10 REGISTERED RISKS | Q60: RISK SCORECARD / FIRST 10 REGISTERED RISKS | R60: RISK SCORECARD / FIRST 10 REGISTERED RISKS | S60: RISK SCORECARD / FIRST 10 REGISTERED RISKS | T60: RISK SCORECARD / FIRST 10 REGISTERED RISKS | U60: RISK SCORECARD / FIRST 10 REGISTERED RISKS | V60: RISK SCORECARD / FIRST 10 REGISTERED RISKS | W60: RISK SCORECARD / FIRST 10 REGISTERED RISKS | X60: RISK SCORECARD / FIRST 10 REGISTERED RISKS | Y60: RISK SCORECARD / FIRST 10 REGISTERED RISKS | Z60: RISK SCORECARD / FIRST 10 REGISTERED RISKS | AA60: RISK SCORECARD / FIRST 10 REGISTERED RISKS | AB60: RISK SCORECARD / FIRST 10 REGISTERED RISKS | AE60: =IF(OR('Remediation Tracker'!E37="",AND('Remediation Tracker'!I37="Approved",'Remediation Tracker'!J37="Completed",ISNUMBER('Remediation Tracker'!L37),'Remediation Tracker'!L37>0,'Remediation Tracker'!L37<=TODAY(),'Remediation Tracker'!N37="Validated",IFERROR(AND('Remediation Tracker'!M37<>"",COUNTIF('Evidence Tracker'!$E$7:$E$106,'Remediation Tracker'!M37)=1,ISNUMBER(INDEX('Evidence Tracker'!$M$7:$M$106,MATCH('Remediation Tracker'!M37,'Evidence Tracker'!$E$7:$E$106,0))),LEN(TRIM(INDEX('Evidence Tracker'!$O$7:$O$106,MATCH('Remediation Tracker'!M37,'Evidence Tracker'!$E$7:$E$106,0))))>0,LEN(TRIM(INDEX('Evidence Tracker'!$P$7:$P$106,MATCH('Remediation Tracker'!M37,'Evidence Tracker'!$E$7:$E$106,0))))>0,COUNTIFS('Evidence Tracker'!$E$7:$E$106,'Remediation Tracker'!M37,'Evidence Tracker'!$F$7:$F$106,'Remediation Tracker'!F37,'Evidence Tracker'!$N$7:$N$106,"Reviewed",'Evidence Tracker'!$Q$7:$Q$106,"Validated",'Evidence Tracker'!$M$7:$M$106,">0",'Evidence Tracker'!$M$7:$M$106,"<="&TODAY())=1),FALSE))),0,IFERROR(INDEX('Risk Register'!$M$7:$M$106,MATCH('Remediation Tracker'!F37,'Risk Register'!$E$7:$E$106,0)),0)*10000+IF(AND(ISNUMBER('Remediation Tracker'!K37),'Remediation Tracker'!K37<TODAY(),'Remediation Tracker'!J37<>"Completed"),1000,0)+107-ROW('Remediation Tracker'!E37)) -> 0
F61: Risk ID | G61: Risk ID | H61: Risk title | I61: Risk title | J61: Risk title | K61: Risk title | L61: Risk title | M61: Inherent | N61: Inherent | O61: Validation | P61: Validation | Q61: Validation | R61: Validation | S61: Controls assessed | T61: Controls assessed | U61: Controls assessed | V61: Evidence reviewed | W61: Evidence reviewed | X61: Evidence reviewed | Y61: Actions verified | Z61: Actions verified | AA61: Actions verified | AB61: Actions verified | AE61: =IF(OR('Remediation Tracker'!E38="",AND('Remediation Tracker'!I38="Approved",'Remediation Tracker'!J38="Completed",ISNUMBER('Remediation Tracker'!L38),'Remediation Tracker'!L38>0,'Remediation Tracker'!L38<=TODAY(),'Remediation Tracker'!N38="Validated",IFERROR(AND('Remediation Tracker'!M38<>"",COUNTIF('Evidence Tracker'!$E$7:$E$106,'Remediation Tracker'!M38)=1,ISNUMBER(INDEX('Evidence Tracker'!$M$7:$M$106,MATCH('Remediation Tracker'!M38,'Evidence Tracker'!$E$7:$E$106,0))),LEN(TRIM(INDEX('Evidence Tracker'!$O$7:$O$106,MATCH('Remediation Tracker'!M38,'Evidence Tracker'!$E$7:$E$106,0))))>0,LEN(TRIM(INDEX('Evidence Tracker'!$P$7:$P$106,MATCH('Remediation Tracker'!M38,'Evidence Tracker'!$E$7:$E$106,0))))>0,COUNTIFS('Evidence Tracker'!$E$7:$E$106,'Remediation Tracker'!M38,'Evidence Tracker'!$F$7:$F$106,'Remediation Tracker'!F38,'Evidence Tracker'!$N$7:$N$106,"Reviewed",'Evidence Tracker'!$Q$7:$Q$106,"Validated",'Evidence Tracker'!$M$7:$M$106,">0",'Evidence Tracker'!$M$7:$M$106,"<="&TODAY())=1),FALSE))),0,IFERROR(INDEX('Risk Register'!$M$7:$M$106,MATCH('Remediation Tracker'!F38,'Risk Register'!$E$7:$E$106,0)),0)*10000+IF(AND(ISNUMBER('Remediation Tracker'!K38),'Remediation Tracker'!K38<TODAY(),'Remediation Tracker'!J38<>"Completed"),1000,0)+107-ROW('Remediation Tracker'!E38)) -> 0
F62: =IF('Risk Register'!E7="","",'Risk Register'!E7) -> R-001 | H62: =IF($F62="","",'Risk Register'!F7) -> Missing MFA | M62: =IF($F62="","",'Risk Register'!M7&" / "&'Risk Register'!N7) -> 12 / High | O62: =IF($F62="","",'Risk Register'!Q7) -> Pending validation | S62: =IF($F62="","",COUNTIFS('Control Assessment'!$F$7:$F$106,$F62,'Control Assessment'!$J$7:$J$106,"<>",'Control Assessment'!$J$7:$J$106,"<>Not assessed",'Control Assessment'!$K$7:$K$106,"<>",'Control Assessment'!$K$7:$K$106,"<>Not assessed")&" / "&COUNTIFS('Control Assessment'!$F$7:$F$106,$F62,'Control Assessment'!$E$7:$E$106,"<>")) -> 0 / 1 | V62: =IF($F62="","",COUNTIFS('Evidence Tracker'!$F$7:$F$106,$F62,'Evidence Tracker'!$N$7:$N$106,"Reviewed")&" / "&COUNTIFS('Evidence Tracker'!$F$7:$F$106,$F62,'Evidence Tracker'!$E$7:$E$106,"<>")) -> 0 / 1 | Y62: =IF($F62="","",COUNTIFS('Remediation Tracker'!$F$7:$F$106,$F62,'Remediation Tracker'!$E$7:$E$106,"<>",$AE$30:$AE$129,0)&" / "&COUNTIFS('Remediation Tracker'!$F$7:$F$106,$F62,'Remediation Tracker'!$E$7:$E$106,"<>")) -> 0 / 1 | AE62: =IF(OR('Remediation Tracker'!E39="",AND('Remediation Tracker'!I39="Approved",'Remediation Tracker'!J39="Completed",ISNUMBER('Remediation Tracker'!L39),'Remediation Tracker'!L39>0,'Remediation Tracker'!L39<=TODAY(),'Remediation Tracker'!N39="Validated",IFERROR(AND('Remediation Tracker'!M39<>"",COUNTIF('Evidence Tracker'!$E$7:$E$106,'Remediation Tracker'!M39)=1,ISNUMBER(INDEX('Evidence Tracker'!$M$7:$M$106,MATCH('Remediation Tracker'!M39,'Evidence Tracker'!$E$7:$E$106,0))),LEN(TRIM(INDEX('Evidence Tracker'!$O$7:$O$106,MATCH('Remediation Tracker'!M39,'Evidence Tracker'!$E$7:$E$106,0))))>0,LEN(TRIM(INDEX('Evidence Tracker'!$P$7:$P$106,MATCH('Remediation Tracker'!M39,'Evidence Tracker'!$E$7:$E$106,0))))>0,COUNTIFS('Evidence Tracker'!$E$7:$E$106,'Remediation Tracker'!M39,'Evidence Tracker'!$F$7:$F$106,'Remediation Tracker'!F39,'Evidence Tracker'!$N$7:$N$106,"Reviewed",'Evidence Tracker'!$Q$7:$Q$106,"Validated",'Evidence Tracker'!$M$7:$M$106,">0",'Evidence Tracker'!$M$7:$M$106,"<="&TODAY())=1),FALSE))),0,IFERROR(INDEX('Risk Register'!$M$7:$M$106,MATCH('Remediation Tracker'!F39,'Risk Register'!$E$7:$E$106,0)),0)*10000+IF(AND(ISNUMBER('Remediation Tracker'!K39),'Remediation Tracker'!K39<TODAY(),'Remediation Tracker'!J39<>"Completed"),1000,0)+107-ROW('Remediation Tracker'!E39)) -> 0
F63: =IF('Risk Register'!E8="","",'Risk Register'!E8) -> R-002 | H63: =IF($F63="","",'Risk Register'!F8) -> Excessive Access Permissions | M63: =IF($F63="","",'Risk Register'!M8&" / "&'Risk Register'!N8) -> 12 / High | O63: =IF($F63="","",'Risk Register'!Q8) -> Pending validation | S63: =IF($F63="","",COUNTIFS('Control Assessment'!$F$7:$F$106,$F63,'Control Assessment'!$J$7:$J$106,"<>",'Control Assessment'!$J$7:$J$106,"<>Not assessed",'Control Assessment'!$K$7:$K$106,"<>",'Control Assessment'!$K$7:$K$106,"<>Not assessed")&" / "&COUNTIFS('Control Assessment'!$F$7:$F$106,$F63,'Control Assessment'!$E$7:$E$106,"<>")) -> 0 / 1 | V63: =IF($F63="","",COUNTIFS('Evidence Tracker'!$F$7:$F$106,$F63,'Evidence Tracker'!$N$7:$N$106,"Reviewed")&" / "&COUNTIFS('Evidence Tracker'!$F$7:$F$106,$F63,'Evidence Tracker'!$E$7:$E$106,"<>")) -> 0 / 1 | Y63: =IF($F63="","",COUNTIFS('Remediation Tracker'!$F$7:$F$106,$F63,'Remediation Tracker'!$E$7:$E$106,"<>",$AE$30:$AE$129,0)&" / "&COUNTIFS('Remediation Tracker'!$F$7:$F$106,$F63,'Remediation Tracker'!$E$7:$E$106,"<>")) -> 0 / 1 | AE63: =IF(OR('Remediation Tracker'!E40="",AND('Remediation Tracker'!I40="Approved",'Remediation Tracker'!J40="Completed",ISNUMBER('Remediation Tracker'!L40),'Remediation Tracker'!L40>0,'Remediation Tracker'!L40<=TODAY(),'Remediation Tracker'!N40="Validated",IFERROR(AND('Remediation Tracker'!M40<>"",COUNTIF('Evidence Tracker'!$E$7:$E$106,'Remediation Tracker'!M40)=1,ISNUMBER(INDEX('Evidence Tracker'!$M$7:$M$106,MATCH('Remediation Tracker'!M40,'Evidence Tracker'!$E$7:$E$106,0))),LEN(TRIM(INDEX('Evidence Tracker'!$O$7:$O$106,MATCH('Remediation Tracker'!M40,'Evidence Tracker'!$E$7:$E$106,0))))>0,LEN(TRIM(INDEX('Evidence Tracker'!$P$7:$P$106,MATCH('Remediation Tracker'!M40,'Evidence Tracker'!$E$7:$E$106,0))))>0,COUNTIFS('Evidence Tracker'!$E$7:$E$106,'Remediation Tracker'!M40,'Evidence Tracker'!$F$7:$F$106,'Remediation Tracker'!F40,'Evidence Tracker'!$N$7:$N$106,"Reviewed",'Evidence Tracker'!$Q$7:$Q$106,"Validated",'Evidence Tracker'!$M$7:$M$106,">0",'Evidence Tracker'!$M$7:$M$106,"<="&TODAY())=1),FALSE))),0,IFERROR(INDEX('Risk Register'!$M$7:$M$106,MATCH('Remediation Tracker'!F40,'Risk Register'!$E$7:$E$106,0)),0)*10000+IF(AND(ISNUMBER('Remediation Tracker'!K40),'Remediation Tracker'!K40<TODAY(),'Remediation Tracker'!J40<>"Completed"),1000,0)+107-ROW('Remediation Tracker'!E40)) -> 0
F64: =IF('Risk Register'!E9="","",'Risk Register'!E9) -> R-003 | H64: =IF($F64="","",'Risk Register'!F9) -> Shared Administrator Accounts | M64: =IF($F64="","",'Risk Register'!M9&" / "&'Risk Register'!N9) -> 12 / High | O64: =IF($F64="","",'Risk Register'!Q9) -> Pending validation | S64: =IF($F64="","",COUNTIFS('Control Assessment'!$F$7:$F$106,$F64,'Control Assessment'!$J$7:$J$106,"<>",'Control Assessment'!$J$7:$J$106,"<>Not assessed",'Control Assessment'!$K$7:$K$106,"<>",'Control Assessment'!$K$7:$K$106,"<>Not assessed")&" / "&COUNTIFS('Control Assessment'!$F$7:$F$106,$F64,'Control Assessment'!$E$7:$E$106,"<>")) -> 0 / 1 | V64: =IF($F64="","",COUNTIFS('Evidence Tracker'!$F$7:$F$106,$F64,'Evidence Tracker'!$N$7:$N$106,"Reviewed")&" / "&COUNTIFS('Evidence Tracker'!$F$7:$F$106,$F64,'Evidence Tracker'!$E$7:$E$106,"<>")) -> 0 / 1 | Y64: =IF($F64="","",COUNTIFS('Remediation Tracker'!$F$7:$F$106,$F64,'Remediation Tracker'!$E$7:$E$106,"<>",$AE$30:$AE$129,0)&" / "&COUNTIFS('Remediation Tracker'!$F$7:$F$106,$F64,'Remediation Tracker'!$E$7:$E$106,"<>")) -> 0 / 1 | AE64: =IF(OR('Remediation Tracker'!E41="",AND('Remediation Tracker'!I41="Approved",'Remediation Tracker'!J41="Completed",ISNUMBER('Remediation Tracker'!L41),'Remediation Tracker'!L41>0,'Remediation Tracker'!L41<=TODAY(),'Remediation Tracker'!N41="Validated",IFERROR(AND('Remediation Tracker'!M41<>"",COUNTIF('Evidence Tracker'!$E$7:$E$106,'Remediation Tracker'!M41)=1,ISNUMBER(INDEX('Evidence Tracker'!$M$7:$M$106,MATCH('Remediation Tracker'!M41,'Evidence Tracker'!$E$7:$E$106,0))),LEN(TRIM(INDEX('Evidence Tracker'!$O$7:$O$106,MATCH('Remediation Tracker'!M41,'Evidence Tracker'!$E$7:$E$106,0))))>0,LEN(TRIM(INDEX('Evidence Tracker'!$P$7:$P$106,MATCH('Remediation Tracker'!M41,'Evidence Tracker'!$E$7:$E$106,0))))>0,COUNTIFS('Evidence Tracker'!$E$7:$E$106,'Remediation Tracker'!M41,'Evidence Tracker'!$F$7:$F$106,'Remediation Tracker'!F41,'Evidence Tracker'!$N$7:$N$106,"Reviewed",'Evidence Tracker'!$Q$7:$Q$106,"Validated",'Evidence Tracker'!$M$7:$M$106,">0",'Evidence Tracker'!$M$7:$M$106,"<="&TODAY())=1),FALSE))),0,IFERROR(INDEX('Risk Register'!$M$7:$M$106,MATCH('Remediation Tracker'!F41,'Risk Register'!$E$7:$E$106,0)),0)*10000+IF(AND(ISNUMBER('Remediation Tracker'!K41),'Remediation Tracker'!K41<TODAY(),'Remediation Tracker'!J41<>"Completed"),1000,0)+107-ROW('Remediation Tracker'!E41)) -> 0
F65: =IF('Risk Register'!E10="","",'Risk Register'!E10) -> R-004 | H65: =IF($F65="","",'Risk Register'!F10) -> Missing Formal Cybersecurity Risk Register | M65: =IF($F65="","",'Risk Register'!M10&" / "&'Risk Register'!N10) -> 12 / High | O65: =IF($F65="","",'Risk Register'!Q10) -> Pending validation | S65: =IF($F65="","",COUNTIFS('Control Assessment'!$F$7:$F$106,$F65,'Control Assessment'!$J$7:$J$106,"<>",'Control Assessment'!$J$7:$J$106,"<>Not assessed",'Control Assessment'!$K$7:$K$106,"<>",'Control Assessment'!$K$7:$K$106,"<>Not assessed")&" / "&COUNTIFS('Control Assessment'!$F$7:$F$106,$F65,'Control Assessment'!$E$7:$E$106,"<>")) -> 0 / 1 | V65: =IF($F65="","",COUNTIFS('Evidence Tracker'!$F$7:$F$106,$F65,'Evidence Tracker'!$N$7:$N$106,"Reviewed")&" / "&COUNTIFS('Evidence Tracker'!$F$7:$F$106,$F65,'Evidence Tracker'!$E$7:$E$106,"<>")) -> 0 / 1 | Y65: =IF($F65="","",COUNTIFS('Remediation Tracker'!$F$7:$F$106,$F65,'Remediation Tracker'!$E$7:$E$106,"<>",$AE$30:$AE$129,0)&" / "&COUNTIFS('Remediation Tracker'!$F$7:$F$106,$F65,'Remediation Tracker'!$E$7:$E$106,"<>")) -> 0 / 1 | AE65: =IF(OR('Remediation Tracker'!E42="",AND('Remediation Tracker'!I42="Approved",'Remediation Tracker'!J42="Completed",ISNUMBER('Remediation Tracker'!L42),'Remediation Tracker'!L42>0,'Remediation Tracker'!L42<=TODAY(),'Remediation Tracker'!N42="Validated",IFERROR(AND('Remediation Tracker'!M42<>"",COUNTIF('Evidence Tracker'!$E$7:$E$106,'Remediation Tracker'!M42)=1,ISNUMBER(INDEX('Evidence Tracker'!$M$7:$M$106,MATCH('Remediation Tracker'!M42,'Evidence Tracker'!$E$7:$E$106,0))),LEN(TRIM(INDEX('Evidence Tracker'!$O$7:$O$106,MATCH('Remediation Tracker'!M42,'Evidence Tracker'!$E$7:$E$106,0))))>0,LEN(TRIM(INDEX('Evidence Tracker'!$P$7:$P$106,MATCH('Remediation Tracker'!M42,'Evidence Tracker'!$E$7:$E$106,0))))>0,COUNTIFS('Evidence Tracker'!$E$7:$E$106,'Remediation Tracker'!M42,'Evidence Tracker'!$F$7:$F$106,'Remediation Tracker'!F42,'Evidence Tracker'!$N$7:$N$106,"Reviewed",'Evidence Tracker'!$Q$7:$Q$106,"Validated",'Evidence Tracker'!$M$7:$M$106,">0",'Evidence Tracker'!$M$7:$M$106,"<="&TODAY())=1),FALSE))),0,IFERROR(INDEX('Risk Register'!$M$7:$M$106,MATCH('Remediation Tracker'!F42,'Risk Register'!$E$7:$E$106,0)),0)*10000+IF(AND(ISNUMBER('Remediation Tracker'!K42),'Remediation Tracker'!K42<TODAY(),'Remediation Tracker'!J42<>"Completed"),1000,0)+107-ROW('Remediation Tracker'!E42)) -> 0
F66: =IF('Risk Register'!E11="","",'Risk Register'!E11) | H66: =IF($F66="","",'Risk Register'!F11) | M66: =IF($F66="","",'Risk Register'!M11&" / "&'Risk Register'!N11) | O66: =IF($F66="","",'Risk Register'!Q11) | S66: =IF($F66="","",COUNTIFS('Control Assessment'!$F$7:$F$106,$F66,'Control Assessment'!$J$7:$J$106,"<>",'Control Assessment'!$J$7:$J$106,"<>Not assessed",'Control Assessment'!$K$7:$K$106,"<>",'Control Assessment'!$K$7:$K$106,"<>Not assessed")&" / "&COUNTIFS('Control Assessment'!$F$7:$F$106,$F66,'Control Assessment'!$E$7:$E$106,"<>")) | V66: =IF($F66="","",COUNTIFS('Evidence Tracker'!$F$7:$F$106,$F66,'Evidence Tracker'!$N$7:$N$106,"Reviewed")&" / "&COUNTIFS('Evidence Tracker'!$F$7:$F$106,$F66,'Evidence Tracker'!$E$7:$E$106,"<>")) | Y66: =IF($F66="","",COUNTIFS('Remediation Tracker'!$F$7:$F$106,$F66,'Remediation Tracker'!$E$7:$E$106,"<>",$AE$30:$AE$129,0)&" / "&COUNTIFS('Remediation Tracker'!$F$7:$F$106,$F66,'Remediation Tracker'!$E$7:$E$106,"<>")) | AE66: =IF(OR('Remediation Tracker'!E43="",AND('Remediation Tracker'!I43="Approved",'Remediation Tracker'!J43="Completed",ISNUMBER('Remediation Tracker'!L43),'Remediation Tracker'!L43>0,'Remediation Tracker'!L43<=TODAY(),'Remediation Tracker'!N43="Validated",IFERROR(AND('Remediation Tracker'!M43<>"",COUNTIF('Evidence Tracker'!$E$7:$E$106,'Remediation Tracker'!M43)=1,ISNUMBER(INDEX('Evidence Tracker'!$M$7:$M$106,MATCH('Remediation Tracker'!M43,'Evidence Tracker'!$E$7:$E$106,0))),LEN(TRIM(INDEX('Evidence Tracker'!$O$7:$O$106,MATCH('Remediation Tracker'!M43,'Evidence Tracker'!$E$7:$E$106,0))))>0,LEN(TRIM(INDEX('Evidence Tracker'!$P$7:$P$106,MATCH('Remediation Tracker'!M43,'Evidence Tracker'!$E$7:$E$106,0))))>0,COUNTIFS('Evidence Tracker'!$E$7:$E$106,'Remediation Tracker'!M43,'Evidence Tracker'!$F$7:$F$106,'Remediation Tracker'!F43,'Evidence Tracker'!$N$7:$N$106,"Reviewed",'Evidence Tracker'!$Q$7:$Q$106,"Validated",'Evidence Tracker'!$M$7:$M$106,">0",'Evidence Tracker'!$M$7:$M$106,"<="&TODAY())=1),FALSE))),0,IFERROR(INDEX('Risk Register'!$M$7:$M$106,MATCH('Remediation Tracker'!F43,'Risk Register'!$E$7:$E$106,0)),0)*10000+IF(AND(ISNUMBER('Remediation Tracker'!K43),'Remediation Tracker'!K43<TODAY(),'Remediation Tracker'!J43<>"Completed"),1000,0)+107-ROW('Remediation Tracker'!E43)) -> 0
F67: =IF('Risk Register'!E12="","",'Risk Register'!E12) | H67: =IF($F67="","",'Risk Register'!F12) | M67: =IF($F67="","",'Risk Register'!M12&" / "&'Risk Register'!N12) | O67: =IF($F67="","",'Risk Register'!Q12) | S67: =IF($F67="","",COUNTIFS('Control Assessment'!$F$7:$F$106,$F67,'Control Assessment'!$J$7:$J$106,"<>",'Control Assessment'!$J$7:$J$106,"<>Not assessed",'Control Assessment'!$K$7:$K$106,"<>",'Control Assessment'!$K$7:$K$106,"<>Not assessed")&" / "&COUNTIFS('Control Assessment'!$F$7:$F$106,$F67,'Control Assessment'!$E$7:$E$106,"<>")) | V67: =IF($F67="","",COUNTIFS('Evidence Tracker'!$F$7:$F$106,$F67,'Evidence Tracker'!$N$7:$N$106,"Reviewed")&" / "&COUNTIFS('Evidence Tracker'!$F$7:$F$106,$F67,'Evidence Tracker'!$E$7:$E$106,"<>")) | Y67: =IF($F67="","",COUNTIFS('Remediation Tracker'!$F$7:$F$106,$F67,'Remediation Tracker'!$E$7:$E$106,"<>",$AE$30:$AE$129,0)&" / "&COUNTIFS('Remediation Tracker'!$F$7:$F$106,$F67,'Remediation Tracker'!$E$7:$E$106,"<>")) | AE67: =IF(OR('Remediation Tracker'!E44="",AND('Remediation Tracker'!I44="Approved",'Remediation Tracker'!J44="Completed",ISNUMBER('Remediation Tracker'!L44),'Remediation Tracker'!L44>0,'Remediation Tracker'!L44<=TODAY(),'Remediation Tracker'!N44="Validated",IFERROR(AND('Remediation Tracker'!M44<>"",COUNTIF('Evidence Tracker'!$E$7:$E$106,'Remediation Tracker'!M44)=1,ISNUMBER(INDEX('Evidence Tracker'!$M$7:$M$106,MATCH('Remediation Tracker'!M44,'Evidence Tracker'!$E$7:$E$106,0))),LEN(TRIM(INDEX('Evidence Tracker'!$O$7:$O$106,MATCH('Remediation Tracker'!M44,'Evidence Tracker'!$E$7:$E$106,0))))>0,LEN(TRIM(INDEX('Evidence Tracker'!$P$7:$P$106,MATCH('Remediation Tracker'!M44,'Evidence Tracker'!$E$7:$E$106,0))))>0,COUNTIFS('Evidence Tracker'!$E$7:$E$106,'Remediation Tracker'!M44,'Evidence Tracker'!$F$7:$F$106,'Remediation Tracker'!F44,'Evidence Tracker'!$N$7:$N$106,"Reviewed",'Evidence Tracker'!$Q$7:$Q$106,"Validated",'Evidence Tracker'!$M$7:$M$106,">0",'Evidence Tracker'!$M$7:$M$106,"<="&TODAY())=1),FALSE))),0,IFERROR(INDEX('Risk Register'!$M$7:$M$106,MATCH('Remediation Tracker'!F44,'Risk Register'!$E$7:$E$106,0)),0)*10000+IF(AND(ISNUMBER('Remediation Tracker'!K44),'Remediation Tracker'!K44<TODAY(),'Remediation Tracker'!J44<>"Completed"),1000,0)+107-ROW('Remediation Tracker'!E44)) -> 0
F68: =IF('Risk Register'!E13="","",'Risk Register'!E13) | H68: =IF($F68="","",'Risk Register'!F13) | M68: =IF($F68="","",'Risk Register'!M13&" / "&'Risk Register'!N13) | O68: =IF($F68="","",'Risk Register'!Q13) | S68: =IF($F68="","",COUNTIFS('Control Assessment'!$F$7:$F$106,$F68,'Control Assessment'!$J$7:$J$106,"<>",'Control Assessment'!$J$7:$J$106,"<>Not assessed",'Control Assessment'!$K$7:$K$106,"<>",'Control Assessment'!$K$7:$K$106,"<>Not assessed")&" / "&COUNTIFS('Control Assessment'!$F$7:$F$106,$F68,'Control Assessment'!$E$7:$E$106,"<>")) | V68: =IF($F68="","",COUNTIFS('Evidence Tracker'!$F$7:$F$106,$F68,'Evidence Tracker'!$N$7:$N$106,"Reviewed")&" / "&COUNTIFS('Evidence Tracker'!$F$7:$F$106,$F68,'Evidence Tracker'!$E$7:$E$106,"<>")) | Y68: =IF($F68="","",COUNTIFS('Remediation Tracker'!$F$7:$F$106,$F68,'Remediation Tracker'!$E$7:$E$106,"<>",$AE$30:$AE$129,0)&" / "&COUNTIFS('Remediation Tracker'!$F$7:$F$106,$F68,'Remediation Tracker'!$E$7:$E$106,"<>")) | AE68: =IF(OR('Remediation Tracker'!E45="",AND('Remediation Tracker'!I45="Approved",'Remediation Tracker'!J45="Completed",ISNUMBER('Remediation Tracker'!L45),'Remediation Tracker'!L45>0,'Remediation Tracker'!L45<=TODAY(),'Remediation Tracker'!N45="Validated",IFERROR(AND('Remediation Tracker'!M45<>"",COUNTIF('Evidence Tracker'!$E$7:$E$106,'Remediation Tracker'!M45)=1,ISNUMBER(INDEX('Evidence Tracker'!$M$7:$M$106,MATCH('Remediation Tracker'!M45,'Evidence Tracker'!$E$7:$E$106,0))),LEN(TRIM(INDEX('Evidence Tracker'!$O$7:$O$106,MATCH('Remediation Tracker'!M45,'Evidence Tracker'!$E$7:$E$106,0))))>0,LEN(TRIM(INDEX('Evidence Tracker'!$P$7:$P$106,MATCH('Remediation Tracker'!M45,'Evidence Tracker'!$E$7:$E$106,0))))>0,COUNTIFS('Evidence Tracker'!$E$7:$E$106,'Remediation Tracker'!M45,'Evidence Tracker'!$F$7:$F$106,'Remediation Tracker'!F45,'Evidence Tracker'!$N$7:$N$106,"Reviewed",'Evidence Tracker'!$Q$7:$Q$106,"Validated",'Evidence Tracker'!$M$7:$M$106,">0",'Evidence Tracker'!$M$7:$M$106,"<="&TODAY())=1),FALSE))),0,IFERROR(INDEX('Risk Register'!$M$7:$M$106,MATCH('Remediation Tracker'!F45,'Risk Register'!$E$7:$E$106,0)),0)*10000+IF(AND(ISNUMBER('Remediation Tracker'!K45),'Remediation Tracker'!K45<TODAY(),'Remediation Tracker'!J45<>"Completed"),1000,0)+107-ROW('Remediation Tracker'!E45)) -> 0
F69: =IF('Risk Register'!E14="","",'Risk Register'!E14) | H69: =IF($F69="","",'Risk Register'!F14) | M69: =IF($F69="","",'Risk Register'!M14&" / "&'Risk Register'!N14) | O69: =IF($F69="","",'Risk Register'!Q14) | S69: =IF($F69="","",COUNTIFS('Control Assessment'!$F$7:$F$106,$F69,'Control Assessment'!$J$7:$J$106,"<>",'Control Assessment'!$J$7:$J$106,"<>Not assessed",'Control Assessment'!$K$7:$K$106,"<>",'Control Assessment'!$K$7:$K$106,"<>Not assessed")&" / "&COUNTIFS('Control Assessment'!$F$7:$F$106,$F69,'Control Assessment'!$E$7:$E$106,"<>")) | V69: =IF($F69="","",COUNTIFS('Evidence Tracker'!$F$7:$F$106,$F69,'Evidence Tracker'!$N$7:$N$106,"Reviewed")&" / "&COUNTIFS('Evidence Tracker'!$F$7:$F$106,$F69,'Evidence Tracker'!$E$7:$E$106,"<>")) | Y69: =IF($F69="","",COUNTIFS('Remediation Tracker'!$F$7:$F$106,$F69,'Remediation Tracker'!$E$7:$E$106,"<>",$AE$30:$AE$129,0)&" / "&COUNTIFS('Remediation Tracker'!$F$7:$F$106,$F69,'Remediation Tracker'!$E$7:$E$106,"<>")) | AE69: =IF(OR('Remediation Tracker'!E46="",AND('Remediation Tracker'!I46="Approved",'Remediation Tracker'!J46="Completed",ISNUMBER('Remediation Tracker'!L46),'Remediation Tracker'!L46>0,'Remediation Tracker'!L46<=TODAY(),'Remediation Tracker'!N46="Validated",IFERROR(AND('Remediation Tracker'!M46<>"",COUNTIF('Evidence Tracker'!$E$7:$E$106,'Remediation Tracker'!M46)=1,ISNUMBER(INDEX('Evidence Tracker'!$M$7:$M$106,MATCH('Remediation Tracker'!M46,'Evidence Tracker'!$E$7:$E$106,0))),LEN(TRIM(INDEX('Evidence Tracker'!$O$7:$O$106,MATCH('Remediation Tracker'!M46,'Evidence Tracker'!$E$7:$E$106,0))))>0,LEN(TRIM(INDEX('Evidence Tracker'!$P$7:$P$106,MATCH('Remediation Tracker'!M46,'Evidence Tracker'!$E$7:$E$106,0))))>0,COUNTIFS('Evidence Tracker'!$E$7:$E$106,'Remediation Tracker'!M46,'Evidence Tracker'!$F$7:$F$106,'Remediation Tracker'!F46,'Evidence Tracker'!$N$7:$N$106,"Reviewed",'Evidence Tracker'!$Q$7:$Q$106,"Validated",'Evidence Tracker'!$M$7:$M$106,">0",'Evidence Tracker'!$M$7:$M$106,"<="&TODAY())=1),FALSE))),0,IFERROR(INDEX('Risk Register'!$M$7:$M$106,MATCH('Remediation Tracker'!F46,'Risk Register'!$E$7:$E$106,0)),0)*10000+IF(AND(ISNUMBER('Remediation Tracker'!K46),'Remediation Tracker'!K46<TODAY(),'Remediation Tracker'!J46<>"Completed"),1000,0)+107-ROW('Remediation Tracker'!E46)) -> 0
F70: =IF('Risk Register'!E15="","",'Risk Register'!E15) | H70: =IF($F70="","",'Risk Register'!F15) | M70: =IF($F70="","",'Risk Register'!M15&" / "&'Risk Register'!N15) | O70: =IF($F70="","",'Risk Register'!Q15) | S70: =IF($F70="","",COUNTIFS('Control Assessment'!$F$7:$F$106,$F70,'Control Assessment'!$J$7:$J$106,"<>",'Control Assessment'!$J$7:$J$106,"<>Not assessed",'Control Assessment'!$K$7:$K$106,"<>",'Control Assessment'!$K$7:$K$106,"<>Not assessed")&" / "&COUNTIFS('Control Assessment'!$F$7:$F$106,$F70,'Control Assessment'!$E$7:$E$106,"<>")) | V70: =IF($F70="","",COUNTIFS('Evidence Tracker'!$F$7:$F$106,$F70,'Evidence Tracker'!$N$7:$N$106,"Reviewed")&" / "&COUNTIFS('Evidence Tracker'!$F$7:$F$106,$F70,'Evidence Tracker'!$E$7:$E$106,"<>")) | Y70: =IF($F70="","",COUNTIFS('Remediation Tracker'!$F$7:$F$106,$F70,'Remediation Tracker'!$E$7:$E$106,"<>",$AE$30:$AE$129,0)&" / "&COUNTIFS('Remediation Tracker'!$F$7:$F$106,$F70,'Remediation Tracker'!$E$7:$E$106,"<>")) | AE70: =IF(OR('Remediation Tracker'!E47="",AND('Remediation Tracker'!I47="Approved",'Remediation Tracker'!J47="Completed",ISNUMBER('Remediation Tracker'!L47),'Remediation Tracker'!L47>0,'Remediation Tracker'!L47<=TODAY(),'Remediation Tracker'!N47="Validated",IFERROR(AND('Remediation Tracker'!M47<>"",COUNTIF('Evidence Tracker'!$E$7:$E$106,'Remediation Tracker'!M47)=1,ISNUMBER(INDEX('Evidence Tracker'!$M$7:$M$106,MATCH('Remediation Tracker'!M47,'Evidence Tracker'!$E$7:$E$106,0))),LEN(TRIM(INDEX('Evidence Tracker'!$O$7:$O$106,MATCH('Remediation Tracker'!M47,'Evidence Tracker'!$E$7:$E$106,0))))>0,LEN(TRIM(INDEX('Evidence Tracker'!$P$7:$P$106,MATCH('Remediation Tracker'!M47,'Evidence Tracker'!$E$7:$E$106,0))))>0,COUNTIFS('Evidence Tracker'!$E$7:$E$106,'Remediation Tracker'!M47,'Evidence Tracker'!$F$7:$F$106,'Remediation Tracker'!F47,'Evidence Tracker'!$N$7:$N$106,"Reviewed",'Evidence Tracker'!$Q$7:$Q$106,"Validated",'Evidence Tracker'!$M$7:$M$106,">0",'Evidence Tracker'!$M$7:$M$106,"<="&TODAY())=1),FALSE))),0,IFERROR(INDEX('Risk Register'!$M$7:$M$106,MATCH('Remediation Tracker'!F47,'Risk Register'!$E$7:$E$106,0)),0)*10000+IF(AND(ISNUMBER('Remediation Tracker'!K47),'Remediation Tracker'!K47<TODAY(),'Remediation Tracker'!J47<>"Completed"),1000,0)+107-ROW('Remediation Tracker'!E47)) -> 0
F71: =IF('Risk Register'!E16="","",'Risk Register'!E16) | H71: =IF($F71="","",'Risk Register'!F16) | M71: =IF($F71="","",'Risk Register'!M16&" / "&'Risk Register'!N16) | O71: =IF($F71="","",'Risk Register'!Q16) | S71: =IF($F71="","",COUNTIFS('Control Assessment'!$F$7:$F$106,$F71,'Control Assessment'!$J$7:$J$106,"<>",'Control Assessment'!$J$7:$J$106,"<>Not assessed",'Control Assessment'!$K$7:$K$106,"<>",'Control Assessment'!$K$7:$K$106,"<>Not assessed")&" / "&COUNTIFS('Control Assessment'!$F$7:$F$106,$F71,'Control Assessment'!$E$7:$E$106,"<>")) | V71: =IF($F71="","",COUNTIFS('Evidence Tracker'!$F$7:$F$106,$F71,'Evidence Tracker'!$N$7:$N$106,"Reviewed")&" / "&COUNTIFS('Evidence Tracker'!$F$7:$F$106,$F71,'Evidence Tracker'!$E$7:$E$106,"<>")) | Y71: =IF($F71="","",COUNTIFS('Remediation Tracker'!$F$7:$F$106,$F71,'Remediation Tracker'!$E$7:$E$106,"<>",$AE$30:$AE$129,0)&" / "&COUNTIFS('Remediation Tracker'!$F$7:$F$106,$F71,'Remediation Tracker'!$E$7:$E$106,"<>")) | AE71: =IF(OR('Remediation Tracker'!E48="",AND('Remediation Tracker'!I48="Approved",'Remediation Tracker'!J48="Completed",ISNUMBER('Remediation Tracker'!L48),'Remediation Tracker'!L48>0,'Remediation Tracker'!L48<=TODAY(),'Remediation Tracker'!N48="Validated",IFERROR(AND('Remediation Tracker'!M48<>"",COUNTIF('Evidence Tracker'!$E$7:$E$106,'Remediation Tracker'!M48)=1,ISNUMBER(INDEX('Evidence Tracker'!$M$7:$M$106,MATCH('Remediation Tracker'!M48,'Evidence Tracker'!$E$7:$E$106,0))),LEN(TRIM(INDEX('Evidence Tracker'!$O$7:$O$106,MATCH('Remediation Tracker'!M48,'Evidence Tracker'!$E$7:$E$106,0))))>0,LEN(TRIM(INDEX('Evidence Tracker'!$P$7:$P$106,MATCH('Remediation Tracker'!M48,'Evidence Tracker'!$E$7:$E$106,0))))>0,COUNTIFS('Evidence Tracker'!$E$7:$E$106,'Remediation Tracker'!M48,'Evidence Tracker'!$F$7:$F$106,'Remediation Tracker'!F48,'Evidence Tracker'!$N$7:$N$106,"Reviewed",'Evidence Tracker'!$Q$7:$Q$106,"Validated",'Evidence Tracker'!$M$7:$M$106,">0",'Evidence Tracker'!$M$7:$M$106,"<="&TODAY())=1),FALSE))),0,IFERROR(INDEX('Risk Register'!$M$7:$M$106,MATCH('Remediation Tracker'!F48,'Risk Register'!$E$7:$E$106,0)),0)*10000+IF(AND(ISNUMBER('Remediation Tracker'!K48),'Remediation Tracker'!K48<TODAY(),'Remediation Tracker'!J48<>"Completed"),1000,0)+107-ROW('Remediation Tracker'!E48)) -> 0
AE72: =IF(OR('Remediation Tracker'!E49="",AND('Remediation Tracker'!I49="Approved",'Remediation Tracker'!J49="Completed",ISNUMBER('Remediation Tracker'!L49),'Remediation Tracker'!L49>0,'Remediation Tracker'!L49<=TODAY(),'Remediation Tracker'!N49="Validated",IFERROR(AND('Remediation Tracker'!M49<>"",COUNTIF('Evidence Tracker'!$E$7:$E$106,'Remediation Tracker'!M49)=1,ISNUMBER(INDEX('Evidence Tracker'!$M$7:$M$106,MATCH('Remediation Tracker'!M49,'Evidence Tracker'!$E$7:$E$106,0))),LEN(TRIM(INDEX('Evidence Tracker'!$O$7:$O$106,MATCH('Remediation Tracker'!M49,'Evidence Tracker'!$E$7:$E$106,0))))>0,LEN(TRIM(INDEX('Evidence Tracker'!$P$7:$P$106,MATCH('Remediation Tracker'!M49,'Evidence Tracker'!$E$7:$E$106,0))))>0,COUNTIFS('Evidence Tracker'!$E$7:$E$106,'Remediation Tracker'!M49,'Evidence Tracker'!$F$7:$F$106,'Remediation Tracker'!F49,'Evidence Tracker'!$N$7:$N$106,"Reviewed",'Evidence Tracker'!$Q$7:$Q$106,"Validated",'Evidence Tracker'!$M$7:$M$106,">0",'Evidence Tracker'!$M$7:$M$106,"<="&TODAY())=1),FALSE))),0,IFERROR(INDEX('Risk Register'!$M$7:$M$106,MATCH('Remediation Tracker'!F49,'Risk Register'!$E$7:$E$106,0)),0)*10000+IF(AND(ISNUMBER('Remediation Tracker'!K49),'Remediation Tracker'!K49<TODAY(),'Remediation Tracker'!J49<>"Completed"),1000,0)+107-ROW('Remediation Tracker'!E49)) -> 0
F73: EVIDENCE PIPELINE | G73: EVIDENCE PIPELINE | H73: EVIDENCE PIPELINE | I73: EVIDENCE PIPELINE | J73: EVIDENCE PIPELINE | K73: EVIDENCE PIPELINE | L73: EVIDENCE PIPELINE | M73: EVIDENCE PIPELINE | N73: EVIDENCE PIPELINE | O73: EVIDENCE PIPELINE | P73: EVIDENCE PIPELINE | R73: REMEDIATION PROGRESS | S73: REMEDIATION PROGRESS | T73: REMEDIATION PROGRESS | U73: REMEDIATION PROGRESS | V73: REMEDIATION PROGRESS | W73: REMEDIATION PROGRESS | X73: REMEDIATION PROGRESS | Y73: REMEDIATION PROGRESS | Z73: REMEDIATION PROGRESS | AA73: REMEDIATION PROGRESS | AB73: REMEDIATION PROGRESS | AE73: =IF(OR('Remediation Tracker'!E50="",AND('Remediation Tracker'!I50="Approved",'Remediation Tracker'!J50="Completed",ISNUMBER('Remediation Tracker'!L50),'Remediation Tracker'!L50>0,'Remediation Tracker'!L50<=TODAY(),'Remediation Tracker'!N50="Validated",IFERROR(AND('Remediation Tracker'!M50<>"",COUNTIF('Evidence Tracker'!$E$7:$E$106,'Remediation Tracker'!M50)=1,ISNUMBER(INDEX('Evidence Tracker'!$M$7:$M$106,MATCH('Remediation Tracker'!M50,'Evidence Tracker'!$E$7:$E$106,0))),LEN(TRIM(INDEX('Evidence Tracker'!$O$7:$O$106,MATCH('Remediation Tracker'!M50,'Evidence Tracker'!$E$7:$E$106,0))))>0,LEN(TRIM(INDEX('Evidence Tracker'!$P$7:$P$106,MATCH('Remediation Tracker'!M50,'Evidence Tracker'!$E$7:$E$106,0))))>0,COUNTIFS('Evidence Tracker'!$E$7:$E$106,'Remediation Tracker'!M50,'Evidence Tracker'!$F$7:$F$106,'Remediation Tracker'!F50,'Evidence Tracker'!$N$7:$N$106,"Reviewed",'Evidence Tracker'!$Q$7:$Q$106,"Validated",'Evidence Tracker'!$M$7:$M$106,">0",'Evidence Tracker'!$M$7:$M$106,"<="&TODAY())=1),FALSE))),0,IFERROR(INDEX('Risk Register'!$M$7:$M$106,MATCH('Remediation Tracker'!F50,'Risk Register'!$E$7:$E$106,0)),0)*10000+IF(AND(ISNUMBER('Remediation Tracker'!K50),'Remediation Tracker'!K50<TODAY(),'Remediation Tracker'!J50<>"Completed"),1000,0)+107-ROW('Remediation Tracker'!E50)) -> 0
F74: Planned request | G74: Planned request | H74: Planned request | I74: Planned request | J74: Planned request | K74: Planned request | L74: Planned request | M74: Planned request | N74: =COUNTIFS('Evidence Tracker'!$E$7:$E$106,"<>",'Evidence Tracker'!$N$7:$N$106,"Planned request") -> 4 | R74: Proposed | S74: Proposed | T74: Proposed | U74: Proposed | V74: Proposed | W74: Proposed | X74: Proposed | Y74: Proposed | Z74: =COUNTIFS('Remediation Tracker'!$E$7:$E$106,"<>",'Remediation Tracker'!$J$7:$J$106,"Proposed") -> 4 | AE74: =IF(OR('Remediation Tracker'!E51="",AND('Remediation Tracker'!I51="Approved",'Remediation Tracker'!J51="Completed",ISNUMBER('Remediation Tracker'!L51),'Remediation Tracker'!L51>0,'Remediation Tracker'!L51<=TODAY(),'Remediation Tracker'!N51="Validated",IFERROR(AND('Remediation Tracker'!M51<>"",COUNTIF('Evidence Tracker'!$E$7:$E$106,'Remediation Tracker'!M51)=1,ISNUMBER(INDEX('Evidence Tracker'!$M$7:$M$106,MATCH('Remediation Tracker'!M51,'Evidence Tracker'!$E$7:$E$106,0))),LEN(TRIM(INDEX('Evidence Tracker'!$O$7:$O$106,MATCH('Remediation Tracker'!M51,'Evidence Tracker'!$E$7:$E$106,0))))>0,LEN(TRIM(INDEX('Evidence Tracker'!$P$7:$P$106,MATCH('Remediation Tracker'!M51,'Evidence Tracker'!$E$7:$E$106,0))))>0,COUNTIFS('Evidence Tracker'!$E$7:$E$106,'Remediation Tracker'!M51,'Evidence Tracker'!$F$7:$F$106,'Remediation Tracker'!F51,'Evidence Tracker'!$N$7:$N$106,"Reviewed",'Evidence Tracker'!$Q$7:$Q$106,"Validated",'Evidence Tracker'!$M$7:$M$106,">0",'Evidence Tracker'!$M$7:$M$106,"<="&TODAY())=1),FALSE))),0,IFERROR(INDEX('Risk Register'!$M$7:$M$106,MATCH('Remediation Tracker'!F51,'Risk Register'!$E$7:$E$106,0)),0)*10000+IF(AND(ISNUMBER('Remediation Tracker'!K51),'Remediation Tracker'!K51<TODAY(),'Remediation Tracker'!J51<>"Completed"),1000,0)+107-ROW('Remediation Tracker'!E51)) -> 0
F75: Requested | G75: Requested | H75: Requested | I75: Requested | J75: Requested | K75: Requested | L75: Requested | M75: Requested | N75: =COUNTIFS('Evidence Tracker'!$E$7:$E$106,"<>",'Evidence Tracker'!$N$7:$N$106,"Requested") -> 0 | R75: Open | S75: Open | T75: Open | U75: Open | V75: Open | W75: Open | X75: Open | Y75: Open | Z75: =COUNTIFS('Remediation Tracker'!$E$7:$E$106,"<>",'Remediation Tracker'!$J$7:$J$106,"Open") -> 0 | AE75: =IF(OR('Remediation Tracker'!E52="",AND('Remediation Tracker'!I52="Approved",'Remediation Tracker'!J52="Completed",ISNUMBER('Remediation Tracker'!L52),'Remediation Tracker'!L52>0,'Remediation Tracker'!L52<=TODAY(),'Remediation Tracker'!N52="Validated",IFERROR(AND('Remediation Tracker'!M52<>"",COUNTIF('Evidence Tracker'!$E$7:$E$106,'Remediation Tracker'!M52)=1,ISNUMBER(INDEX('Evidence Tracker'!$M$7:$M$106,MATCH('Remediation Tracker'!M52,'Evidence Tracker'!$E$7:$E$106,0))),LEN(TRIM(INDEX('Evidence Tracker'!$O$7:$O$106,MATCH('Remediation Tracker'!M52,'Evidence Tracker'!$E$7:$E$106,0))))>0,LEN(TRIM(INDEX('Evidence Tracker'!$P$7:$P$106,MATCH('Remediation Tracker'!M52,'Evidence Tracker'!$E$7:$E$106,0))))>0,COUNTIFS('Evidence Tracker'!$E$7:$E$106,'Remediation Tracker'!M52,'Evidence Tracker'!$F$7:$F$106,'Remediation Tracker'!F52,'Evidence Tracker'!$N$7:$N$106,"Reviewed",'Evidence Tracker'!$Q$7:$Q$106,"Validated",'Evidence Tracker'!$M$7:$M$106,">0",'Evidence Tracker'!$M$7:$M$106,"<="&TODAY())=1),FALSE))),0,IFERROR(INDEX('Risk Register'!$M$7:$M$106,MATCH('Remediation Tracker'!F52,'Risk Register'!$E$7:$E$106,0)),0)*10000+IF(AND(ISNUMBER('Remediation Tracker'!K52),'Remediation Tracker'!K52<TODAY(),'Remediation Tracker'!J52<>"Completed"),1000,0)+107-ROW('Remediation Tracker'!E52)) -> 0
F76: Received | G76: Received | H76: Received | I76: Received | J76: Received | K76: Received | L76: Received | M76: Received | N76: =COUNTIFS('Evidence Tracker'!$E$7:$E$106,"<>",'Evidence Tracker'!$N$7:$N$106,"Received") -> 0 | R76: In progress | S76: In progress | T76: In progress | U76: In progress | V76: In progress | W76: In progress | X76: In progress | Y76: In progress | Z76: =COUNTIFS('Remediation Tracker'!$E$7:$E$106,"<>",'Remediation Tracker'!$J$7:$J$106,"In progress") -> 0 | AE76: =IF(OR('Remediation Tracker'!E53="",AND('Remediation Tracker'!I53="Approved",'Remediation Tracker'!J53="Completed",ISNUMBER('Remediation Tracker'!L53),'Remediation Tracker'!L53>0,'Remediation Tracker'!L53<=TODAY(),'Remediation Tracker'!N53="Validated",IFERROR(AND('Remediation Tracker'!M53<>"",COUNTIF('Evidence Tracker'!$E$7:$E$106,'Remediation Tracker'!M53)=1,ISNUMBER(INDEX('Evidence Tracker'!$M$7:$M$106,MATCH('Remediation Tracker'!M53,'Evidence Tracker'!$E$7:$E$106,0))),LEN(TRIM(INDEX('Evidence Tracker'!$O$7:$O$106,MATCH('Remediation Tracker'!M53,'Evidence Tracker'!$E$7:$E$106,0))))>0,LEN(TRIM(INDEX('Evidence Tracker'!$P$7:$P$106,MATCH('Remediation Tracker'!M53,'Evidence Tracker'!$E$7:$E$106,0))))>0,COUNTIFS('Evidence Tracker'!$E$7:$E$106,'Remediation Tracker'!M53,'Evidence Tracker'!$F$7:$F$106,'Remediation Tracker'!F53,'Evidence Tracker'!$N$7:$N$106,"Reviewed",'Evidence Tracker'!$Q$7:$Q$106,"Validated",'Evidence Tracker'!$M$7:$M$106,">0",'Evidence Tracker'!$M$7:$M$106,"<="&TODAY())=1),FALSE))),0,IFERROR(INDEX('Risk Register'!$M$7:$M$106,MATCH('Remediation Tracker'!F53,'Risk Register'!$E$7:$E$106,0)),0)*10000+IF(AND(ISNUMBER('Remediation Tracker'!K53),'Remediation Tracker'!K53<TODAY(),'Remediation Tracker'!J53<>"Completed"),1000,0)+107-ROW('Remediation Tracker'!E53)) -> 0
F77: Under review | G77: Under review | H77: Under review | I77: Under review | J77: Under review | K77: Under review | L77: Under review | M77: Under review | N77: =COUNTIFS('Evidence Tracker'!$E$7:$E$106,"<>",'Evidence Tracker'!$N$7:$N$106,"Under review") -> 0 | R77: Blocked | S77: Blocked | T77: Blocked | U77: Blocked | V77: Blocked | W77: Blocked | X77: Blocked | Y77: Blocked | Z77: =COUNTIFS('Remediation Tracker'!$E$7:$E$106,"<>",'Remediation Tracker'!$J$7:$J$106,"Blocked") -> 0 | AE77: =IF(OR('Remediation Tracker'!E54="",AND('Remediation Tracker'!I54="Approved",'Remediation Tracker'!J54="Completed",ISNUMBER('Remediation Tracker'!L54),'Remediation Tracker'!L54>0,'Remediation Tracker'!L54<=TODAY(),'Remediation Tracker'!N54="Validated",IFERROR(AND('Remediation Tracker'!M54<>"",COUNTIF('Evidence Tracker'!$E$7:$E$106,'Remediation Tracker'!M54)=1,ISNUMBER(INDEX('Evidence Tracker'!$M$7:$M$106,MATCH('Remediation Tracker'!M54,'Evidence Tracker'!$E$7:$E$106,0))),LEN(TRIM(INDEX('Evidence Tracker'!$O$7:$O$106,MATCH('Remediation Tracker'!M54,'Evidence Tracker'!$E$7:$E$106,0))))>0,LEN(TRIM(INDEX('Evidence Tracker'!$P$7:$P$106,MATCH('Remediation Tracker'!M54,'Evidence Tracker'!$E$7:$E$106,0))))>0,COUNTIFS('Evidence Tracker'!$E$7:$E$106,'Remediation Tracker'!M54,'Evidence Tracker'!$F$7:$F$106,'Remediation Tracker'!F54,'Evidence Tracker'!$N$7:$N$106,"Reviewed",'Evidence Tracker'!$Q$7:$Q$106,"Validated",'Evidence Tracker'!$M$7:$M$106,">0",'Evidence Tracker'!$M$7:$M$106,"<="&TODAY())=1),FALSE))),0,IFERROR(INDEX('Risk Register'!$M$7:$M$106,MATCH('Remediation Tracker'!F54,'Risk Register'!$E$7:$E$106,0)),0)*10000+IF(AND(ISNUMBER('Remediation Tracker'!K54),'Remediation Tracker'!K54<TODAY(),'Remediation Tracker'!J54<>"Completed"),1000,0)+107-ROW('Remediation Tracker'!E54)) -> 0
F78: Reviewed | G78: Reviewed | H78: Reviewed | I78: Reviewed | J78: Reviewed | K78: Reviewed | L78: Reviewed | M78: Reviewed | N78: =COUNTIFS('Evidence Tracker'!$E$7:$E$106,"<>",'Evidence Tracker'!$N$7:$N$106,"Reviewed") -> 0 | R78: Completed | S78: Completed | T78: Completed | U78: Completed | V78: Completed | W78: Completed | X78: Completed | Y78: Completed | Z78: =COUNTIFS('Remediation Tracker'!$E$7:$E$106,"<>",'Remediation Tracker'!$J$7:$J$106,"Completed") -> 0 | AE78: =IF(OR('Remediation Tracker'!E55="",AND('Remediation Tracker'!I55="Approved",'Remediation Tracker'!J55="Completed",ISNUMBER('Remediation Tracker'!L55),'Remediation Tracker'!L55>0,'Remediation Tracker'!L55<=TODAY(),'Remediation Tracker'!N55="Validated",IFERROR(AND('Remediation Tracker'!M55<>"",COUNTIF('Evidence Tracker'!$E$7:$E$106,'Remediation Tracker'!M55)=1,ISNUMBER(INDEX('Evidence Tracker'!$M$7:$M$106,MATCH('Remediation Tracker'!M55,'Evidence Tracker'!$E$7:$E$106,0))),LEN(TRIM(INDEX('Evidence Tracker'!$O$7:$O$106,MATCH('Remediation Tracker'!M55,'Evidence Tracker'!$E$7:$E$106,0))))>0,LEN(TRIM(INDEX('Evidence Tracker'!$P$7:$P$106,MATCH('Remediation Tracker'!M55,'Evidence Tracker'!$E$7:$E$106,0))))>0,COUNTIFS('Evidence Tracker'!$E$7:$E$106,'Remediation Tracker'!M55,'Evidence Tracker'!$F$7:$F$106,'Remediation Tracker'!F55,'Evidence Tracker'!$N$7:$N$106,"Reviewed",'Evidence Tracker'!$Q$7:$Q$106,"Validated",'Evidence Tracker'!$M$7:$M$106,">0",'Evidence Tracker'!$M$7:$M$106,"<="&TODAY())=1),FALSE))),0,IFERROR(INDEX('Risk Register'!$M$7:$M$106,MATCH('Remediation Tracker'!F55,'Risk Register'!$E$7:$E$106,0)),0)*10000+IF(AND(ISNUMBER('Remediation Tracker'!K55),'Remediation Tracker'!K55<TODAY(),'Remediation Tracker'!J55<>"Completed"),1000,0)+107-ROW('Remediation Tracker'!E55)) -> 0
F79: Stages reflect request workflow. Reviewed evidence still requires a supported validation conclusion. | G79: Stages reflect request workflow. Reviewed evidence still requires a supported validation conclusion. | H79: Stages reflect request workflow. Reviewed evidence still requires a supported validation conclusion. | I79: Stages reflect request workflow. Reviewed evidence still requires a supported validation conclusion. | J79: Stages reflect request workflow. Reviewed evidence still requires a supported validation conclusion. | K79: Stages reflect request workflow. Reviewed evidence still requires a supported validation conclusion. | L79: Stages reflect request workflow. Reviewed evidence still requires a supported validation conclusion. | M79: Stages reflect request workflow. Reviewed evidence still requires a supported validation conclusion. | N79: Stages reflect request workflow. Reviewed evidence still requires a supported validation conclusion. | O79: Stages reflect request workflow. Reviewed evidence still requires a supported validation conclusion. | P79: Stages reflect request workflow. Reviewed evidence still requires a supported validation conclusion. | R79: Completed = implementation recorded. Verified = approved action, valid completion date and validated closure, supported by one unique, reviewed and validated evidence record for the same risk, with received date, location and reviewer. | S79: Completed = implementation recorded. Verified = approval + completion date + evidence IDs + validated closure. | T79: Completed = implementation recorded. Verified = approval + completion date + evidence IDs + validated closure. | U79: Completed = implementation recorded. Verified = approval + completion date + evidence IDs + validated closure. | V79: Completed = implementation recorded. Verified = approval + completion date + evidence IDs + validated closure. | W79: Completed = implementation recorded. Verified = approval + completion date + evidence IDs + validated closure. | X79: Completed = implementation recorded. Verified = approval + completion date + evidence IDs + validated closure. | Y79: Completed = implementation recorded. Verified = approval + completion date + evidence IDs + validated closure. | Z79: Completed = implementation recorded. Verified = approval + completion date + evidence IDs + validated closure. | AA79: Completed = implementation recorded. Verified = approval + completion date + evidence IDs + validated closure. | AB79: Completed = implementation recorded. Verified = approval + completion date + evidence IDs + validated closure. | AE79: =IF(OR('Remediation Tracker'!E56="",AND('Remediation Tracker'!I56="Approved",'Remediation Tracker'!J56="Completed",ISNUMBER('Remediation Tracker'!L56),'Remediation Tracker'!L56>0,'Remediation Tracker'!L56<=TODAY(),'Remediation Tracker'!N56="Validated",IFERROR(AND('Remediation Tracker'!M56<>"",COUNTIF('Evidence Tracker'!$E$7:$E$106,'Remediation Tracker'!M56)=1,ISNUMBER(INDEX('Evidence Tracker'!$M$7:$M$106,MATCH('Remediation Tracker'!M56,'Evidence Tracker'!$E$7:$E$106,0))),LEN(TRIM(INDEX('Evidence Tracker'!$O$7:$O$106,MATCH('Remediation Tracker'!M56,'Evidence Tracker'!$E$7:$E$106,0))))>0,LEN(TRIM(INDEX('Evidence Tracker'!$P$7:$P$106,MATCH('Remediation Tracker'!M56,'Evidence Tracker'!$E$7:$E$106,0))))>0,COUNTIFS('Evidence Tracker'!$E$7:$E$106,'Remediation Tracker'!M56,'Evidence Tracker'!$F$7:$F$106,'Remediation Tracker'!F56,'Evidence Tracker'!$N$7:$N$106,"Reviewed",'Evidence Tracker'!$Q$7:$Q$106,"Validated",'Evidence Tracker'!$M$7:$M$106,">0",'Evidence Tracker'!$M$7:$M$106,"<="&TODAY())=1),FALSE))),0,IFERROR(INDEX('Risk Register'!$M$7:$M$106,MATCH('Remediation Tracker'!F56,'Risk Register'!$E$7:$E$106,0)),0)*10000+IF(AND(ISNUMBER('Remediation Tracker'!K56),'Remediation Tracker'!K56<TODAY(),'Remediation Tracker'!J56<>"Completed"),1000,0)+107-ROW('Remediation Tracker'!E56)) -> 0
F80: Stages reflect request workflow. Reviewed evidence still requires a supported validation conclusion. | G80: Stages reflect request workflow. Reviewed evidence still requires a supported validation conclusion. | H80: Stages reflect request workflow. Reviewed evidence still requires a supported validation conclusion. | I80: Stages reflect request workflow. Reviewed evidence still requires a supported validation conclusion. | J80: Stages reflect request workflow. Reviewed evidence still requires a supported validation conclusion. | K80: Stages reflect request workflow. Reviewed evidence still requires a supported validation conclusion. | L80: Stages reflect request workflow. Reviewed evidence still requires a supported validation conclusion. | M80: Stages reflect request workflow. Reviewed evidence still requires a supported validation conclusion. | N80: Stages reflect request workflow. Reviewed evidence still requires a supported validation conclusion. | O80: Stages reflect request workflow. Reviewed evidence still requires a supported validation conclusion. | P80: Stages reflect request workflow. Reviewed evidence still requires a supported validation conclusion. | R80: Completed = implementation recorded. Verified = approval + completion date + evidence IDs + validated closure. | S80: Completed = implementation recorded. Verified = approval + completion date + evidence IDs + validated closure. | T80: Completed = implementation recorded. Verified = approval + completion date + evidence IDs + validated closure. | U80: Completed = implementation recorded. Verified = approval + completion date + evidence IDs + validated closure. | V80: Completed = implementation recorded. Verified = approval + completion date + evidence IDs + validated closure. | W80: Completed = implementation recorded. Verified = approval + completion date + evidence IDs + validated closure. | X80: Completed = implementation recorded. Verified = approval + completion date + evidence IDs + validated closure. | Y80: Completed = implementation recorded. Verified = approval + completion date + evidence IDs + validated closure. | Z80: Completed = implementation recorded. Verified = approval + completion date + evidence IDs + validated closure. | AA80: Completed = implementation recorded. Verified = approval + completion date + evidence IDs + validated closure. | AB80: Completed = implementation recorded. Verified = approval + completion date + evidence IDs + validated closure. | AE80: =IF(OR('Remediation Tracker'!E57="",AND('Remediation Tracker'!I57="Approved",'Remediation Tracker'!J57="Completed",ISNUMBER('Remediation Tracker'!L57),'Remediation Tracker'!L57>0,'Remediation Tracker'!L57<=TODAY(),'Remediation Tracker'!N57="Validated",IFERROR(AND('Remediation Tracker'!M57<>"",COUNTIF('Evidence Tracker'!$E$7:$E$106,'Remediation Tracker'!M57)=1,ISNUMBER(INDEX('Evidence Tracker'!$M$7:$M$106,MATCH('Remediation Tracker'!M57,'Evidence Tracker'!$E$7:$E$106,0))),LEN(TRIM(INDEX('Evidence Tracker'!$O$7:$O$106,MATCH('Remediation Tracker'!M57,'Evidence Tracker'!$E$7:$E$106,0))))>0,LEN(TRIM(INDEX('Evidence Tracker'!$P$7:$P$106,MATCH('Remediation Tracker'!M57,'Evidence Tracker'!$E$7:$E$106,0))))>0,COUNTIFS('Evidence Tracker'!$E$7:$E$106,'Remediation Tracker'!M57,'Evidence Tracker'!$F$7:$F$106,'Remediation Tracker'!F57,'Evidence Tracker'!$N$7:$N$106,"Reviewed",'Evidence Tracker'!$Q$7:$Q$106,"Validated",'Evidence Tracker'!$M$7:$M$106,">0",'Evidence Tracker'!$M$7:$M$106,"<="&TODAY())=1),FALSE))),0,IFERROR(INDEX('Risk Register'!$M$7:$M$106,MATCH('Remediation Tracker'!F57,'Risk Register'!$E$7:$E$106,0)),0)*10000+IF(AND(ISNUMBER('Remediation Tracker'!K57),'Remediation Tracker'!K57<TODAY(),'Remediation Tracker'!J57<>"Completed"),1000,0)+107-ROW('Remediation Tracker'!E57)) -> 0
R81: ="Approved actions: "&COUNTIFS('Remediation Tracker'!$E$7:$E$106,"<>",'Remediation Tracker'!$I$7:$I$106,"Approved")&" / "&COUNTA('Remediation Tracker'!$E$7:$E$106)&" total actions" -> Approved actions: 0 / 4 total actions | AE81: =IF(OR('Remediation Tracker'!E58="",AND('Remediation Tracker'!I58="Approved",'Remediation Tracker'!J58="Completed",ISNUMBER('Remediation Tracker'!L58),'Remediation Tracker'!L58>0,'Remediation Tracker'!L58<=TODAY(),'Remediation Tracker'!N58="Validated",IFERROR(AND('Remediation Tracker'!M58<>"",COUNTIF('Evidence Tracker'!$E$7:$E$106,'Remediation Tracker'!M58)=1,ISNUMBER(INDEX('Evidence Tracker'!$M$7:$M$106,MATCH('Remediation Tracker'!M58,'Evidence Tracker'!$E$7:$E$106,0))),LEN(TRIM(INDEX('Evidence Tracker'!$O$7:$O$106,MATCH('Remediation Tracker'!M58,'Evidence Tracker'!$E$7:$E$106,0))))>0,LEN(TRIM(INDEX('Evidence Tracker'!$P$7:$P$106,MATCH('Remediation Tracker'!M58,'Evidence Tracker'!$E$7:$E$106,0))))>0,COUNTIFS('Evidence Tracker'!$E$7:$E$106,'Remediation Tracker'!M58,'Evidence Tracker'!$F$7:$F$106,'Remediation Tracker'!F58,'Evidence Tracker'!$N$7:$N$106,"Reviewed",'Evidence Tracker'!$Q$7:$Q$106,"Validated",'Evidence Tracker'!$M$7:$M$106,">0",'Evidence Tracker'!$M$7:$M$106,"<="&TODAY())=1),FALSE))),0,IFERROR(INDEX('Risk Register'!$M$7:$M$106,MATCH('Remediation Tracker'!F58,'Risk Register'!$E$7:$E$106,0)),0)*10000+IF(AND(ISNUMBER('Remediation Tracker'!K58),'Remediation Tracker'!K58<TODAY(),'Remediation Tracker'!J58<>"Completed"),1000,0)+107-ROW('Remediation Tracker'!E58)) -> 0
F82: PRIORITY ACTIONS / TOP 10 UNVERIFIED ACTIONS | G82: PRIORITY ACTIONS / TOP 10 UNVERIFIED ACTIONS | H82: PRIORITY ACTIONS / TOP 10 UNVERIFIED ACTIONS | I82: PRIORITY ACTIONS / TOP 10 UNVERIFIED ACTIONS | J82: PRIORITY ACTIONS / TOP 10 UNVERIFIED ACTIONS | K82: PRIORITY ACTIONS / TOP 10 UNVERIFIED ACTIONS | L82: PRIORITY ACTIONS / TOP 10 UNVERIFIED ACTIONS | M82: PRIORITY ACTIONS / TOP 10 UNVERIFIED ACTIONS | N82: PRIORITY ACTIONS / TOP 10 UNVERIFIED ACTIONS | O82: PRIORITY ACTIONS / TOP 10 UNVERIFIED ACTIONS | P82: PRIORITY ACTIONS / TOP 10 UNVERIFIED ACTIONS | Q82: PRIORITY ACTIONS / TOP 10 UNVERIFIED ACTIONS | R82: PRIORITY ACTIONS / TOP 10 UNVERIFIED ACTIONS | S82: PRIORITY ACTIONS / TOP 10 UNVERIFIED ACTIONS | T82: PRIORITY ACTIONS / TOP 10 UNVERIFIED ACTIONS | U82: PRIORITY ACTIONS / TOP 10 UNVERIFIED ACTIONS | V82: PRIORITY ACTIONS / TOP 10 UNVERIFIED ACTIONS | W82: PRIORITY ACTIONS / TOP 10 UNVERIFIED ACTIONS | X82: PRIORITY ACTIONS / TOP 10 UNVERIFIED ACTIONS | Y82: PRIORITY ACTIONS / TOP 10 UNVERIFIED ACTIONS | Z82: PRIORITY ACTIONS / TOP 10 UNVERIFIED ACTIONS | AA82: PRIORITY ACTIONS / TOP 10 UNVERIFIED ACTIONS | AB82: PRIORITY ACTIONS / TOP 10 UNVERIFIED ACTIONS | AE82: =IF(OR('Remediation Tracker'!E59="",AND('Remediation Tracker'!I59="Approved",'Remediation Tracker'!J59="Completed",ISNUMBER('Remediation Tracker'!L59),'Remediation Tracker'!L59>0,'Remediation Tracker'!L59<=TODAY(),'Remediation Tracker'!N59="Validated",IFERROR(AND('Remediation Tracker'!M59<>"",COUNTIF('Evidence Tracker'!$E$7:$E$106,'Remediation Tracker'!M59)=1,ISNUMBER(INDEX('Evidence Tracker'!$M$7:$M$106,MATCH('Remediation Tracker'!M59,'Evidence Tracker'!$E$7:$E$106,0))),LEN(TRIM(INDEX('Evidence Tracker'!$O$7:$O$106,MATCH('Remediation Tracker'!M59,'Evidence Tracker'!$E$7:$E$106,0))))>0,LEN(TRIM(INDEX('Evidence Tracker'!$P$7:$P$106,MATCH('Remediation Tracker'!M59,'Evidence Tracker'!$E$7:$E$106,0))))>0,COUNTIFS('Evidence Tracker'!$E$7:$E$106,'Remediation Tracker'!M59,'Evidence Tracker'!$F$7:$F$106,'Remediation Tracker'!F59,'Evidence Tracker'!$N$7:$N$106,"Reviewed",'Evidence Tracker'!$Q$7:$Q$106,"Validated",'Evidence Tracker'!$M$7:$M$106,">0",'Evidence Tracker'!$M$7:$M$106,"<="&TODAY())=1),FALSE))),0,IFERROR(INDEX('Risk Register'!$M$7:$M$106,MATCH('Remediation Tracker'!F59,'Risk Register'!$E$7:$E$106,0)),0)*10000+IF(AND(ISNUMBER('Remediation Tracker'!K59),'Remediation Tracker'!K59<TODAY(),'Remediation Tracker'!J59<>"Completed"),1000,0)+107-ROW('Remediation Tracker'!E59)) -> 0
F83: Ranked by inherent risk score, then overdue status; source order breaks ties. Missing target dates are shown explicitly. | G83: Ranked by inherent risk score, then overdue status; source order breaks ties. Missing target dates are shown explicitly. | H83: Ranked by inherent risk score, then overdue status; source order breaks ties. Missing target dates are shown explicitly. | I83: Ranked by inherent risk score, then overdue status; source order breaks ties. Missing target dates are shown explicitly. | J83: Ranked by inherent risk score, then overdue status; source order breaks ties. Missing target dates are shown explicitly. | K83: Ranked by inherent risk score, then overdue status; source order breaks ties. Missing target dates are shown explicitly. | L83: Ranked by inherent risk score, then overdue status; source order breaks ties. Missing target dates are shown explicitly. | M83: Ranked by inherent risk score, then overdue status; source order breaks ties. Missing target dates are shown explicitly. | N83: Ranked by inherent risk score, then overdue status; source order breaks ties. Missing target dates are shown explicitly. | O83: Ranked by inherent risk score, then overdue status; source order breaks ties. Missing target dates are shown explicitly. | P83: Ranked by inherent risk score, then overdue status; source order breaks ties. Missing target dates are shown explicitly. | Q83: Ranked by inherent risk score, then overdue status; source order breaks ties. Missing target dates are shown explicitly. | R83: Ranked by inherent risk score, then overdue status; source order breaks ties. Missing target dates are shown explicitly. | S83: Ranked by inherent risk score, then overdue status; source order breaks ties. Missing target dates are shown explicitly. | T83: Ranked by inherent risk score, then overdue status; source order breaks ties. Missing target dates are shown explicitly. | U83: Ranked by inherent risk score, then overdue status; source order breaks ties. Missing target dates are shown explicitly. | V83: Ranked by inherent risk score, then overdue status; source order breaks ties. Missing target dates are shown explicitly. | W83: Ranked by inherent risk score, then overdue status; source order breaks ties. Missing target dates are shown explicitly. | X83: Ranked by inherent risk score, then overdue status; source order breaks ties. Missing target dates are shown explicitly. | Y83: Ranked by inherent risk score, then overdue status; source order breaks ties. Missing target dates are shown explicitly. | Z83: Ranked by inherent risk score, then overdue status; source order breaks ties. Missing target dates are shown explicitly. | AA83: Ranked by inherent risk score, then overdue status; source order breaks ties. Missing target dates are shown explicitly. | AB83: Ranked by inherent risk score, then overdue status; source order breaks ties. Missing target dates are shown explicitly. | AE83: =IF(OR('Remediation Tracker'!E60="",AND('Remediation Tracker'!I60="Approved",'Remediation Tracker'!J60="Completed",ISNUMBER('Remediation Tracker'!L60),'Remediation Tracker'!L60>0,'Remediation Tracker'!L60<=TODAY(),'Remediation Tracker'!N60="Validated",IFERROR(AND('Remediation Tracker'!M60<>"",COUNTIF('Evidence Tracker'!$E$7:$E$106,'Remediation Tracker'!M60)=1,ISNUMBER(INDEX('Evidence Tracker'!$M$7:$M$106,MATCH('Remediation Tracker'!M60,'Evidence Tracker'!$E$7:$E$106,0))),LEN(TRIM(INDEX('Evidence Tracker'!$O$7:$O$106,MATCH('Remediation Tracker'!M60,'Evidence Tracker'!$E$7:$E$106,0))))>0,LEN(TRIM(INDEX('Evidence Tracker'!$P$7:$P$106,MATCH('Remediation Tracker'!M60,'Evidence Tracker'!$E$7:$E$106,0))))>0,COUNTIFS('Evidence Tracker'!$E$7:$E$106,'Remediation Tracker'!M60,'Evidence Tracker'!$F$7:$F$106,'Remediation Tracker'!F60,'Evidence Tracker'!$N$7:$N$106,"Reviewed",'Evidence Tracker'!$Q$7:$Q$106,"Validated",'Evidence Tracker'!$M$7:$M$106,">0",'Evidence Tracker'!$M$7:$M$106,"<="&TODAY())=1),FALSE))),0,IFERROR(INDEX('Risk Register'!$M$7:$M$106,MATCH('Remediation Tracker'!F60,'Risk Register'!$E$7:$E$106,0)),0)*10000+IF(AND(ISNUMBER('Remediation Tracker'!K60),'Remediation Tracker'!K60<TODAY(),'Remediation Tracker'!J60<>"Completed"),1000,0)+107-ROW('Remediation Tracker'!E60)) -> 0
F84: Action / Risk | G84: Action / Risk | H84: Proposed owner | I84: Proposed owner | J84: Proposed owner | K84: Proposed owner | L84: Proposed owner | M84: Risk score | N84: Risk score | O84: Approval | P84: Approval | Q84: Approval | R84: Approval | S84: Workflow | T84: Workflow | U84: Workflow | V84: Target date | W84: Target date | X84: Target date | Y84: Next prerequisite | Z84: Next prerequisite | AA84: Next prerequisite | AB84: Next prerequisite | AE84: =IF(OR('Remediation Tracker'!E61="",AND('Remediation Tracker'!I61="Approved",'Remediation Tracker'!J61="Completed",ISNUMBER('Remediation Tracker'!L61),'Remediation Tracker'!L61>0,'Remediation Tracker'!L61<=TODAY(),'Remediation Tracker'!N61="Validated",IFERROR(AND('Remediation Tracker'!M61<>"",COUNTIF('Evidence Tracker'!$E$7:$E$106,'Remediation Tracker'!M61)=1,ISNUMBER(INDEX('Evidence Tracker'!$M$7:$M$106,MATCH('Remediation Tracker'!M61,'Evidence Tracker'!$E$7:$E$106,0))),LEN(TRIM(INDEX('Evidence Tracker'!$O$7:$O$106,MATCH('Remediation Tracker'!M61,'Evidence Tracker'!$E$7:$E$106,0))))>0,LEN(TRIM(INDEX('Evidence Tracker'!$P$7:$P$106,MATCH('Remediation Tracker'!M61,'Evidence Tracker'!$E$7:$E$106,0))))>0,COUNTIFS('Evidence Tracker'!$E$7:$E$106,'Remediation Tracker'!M61,'Evidence Tracker'!$F$7:$F$106,'Remediation Tracker'!F61,'Evidence Tracker'!$N$7:$N$106,"Reviewed",'Evidence Tracker'!$Q$7:$Q$106,"Validated",'Evidence Tracker'!$M$7:$M$106,">0",'Evidence Tracker'!$M$7:$M$106,"<="&TODAY())=1),FALSE))),0,IFERROR(INDEX('Risk Register'!$M$7:$M$106,MATCH('Remediation Tracker'!F61,'Risk Register'!$E$7:$E$106,0)),0)*10000+IF(AND(ISNUMBER('Remediation Tracker'!K61),'Remediation Tracker'!K61<TODAY(),'Remediation Tracker'!J61<>"Completed"),1000,0)+107-ROW('Remediation Tracker'!E61)) -> 0
F85: =IF($AF85=0,"",INDEX('Remediation Tracker'!$E$7:$E$106,$AF85)&" / "&INDEX('Remediation Tracker'!$F$7:$F$106,$AF85)) -> A-001 / R-001 | H85: =IF($AF85=0,"",INDEX('Remediation Tracker'!$H$7:$H$106,$AF85)) -> Security owner - proposed | M85: =IF($AF85=0,"",IFERROR(INDEX('Risk Register'!$M$7:$M$106,MATCH(INDEX('Remediation Tracker'!$F$7:$F$106,$AF85),'Risk Register'!$E$7:$E$106,0)),"Not scored")) -> 12 | O85: =IF($AF85=0,"",INDEX('Remediation Tracker'!$I$7:$I$106,$AF85)) -> Pending approval | S85: =IF($AF85=0,"",INDEX('Remediation Tracker'!$J$7:$J$106,$AF85)) -> Proposed | V85: =IF($AF85=0,"",IF(ISNUMBER(INDEX('Remediation Tracker'!$K$7:$K$106,$AF85)),TEXT(INDEX('Remediation Tracker'!$K$7:$K$106,$AF85),"mmm d, yyyy"),"Not scheduled")) -> Not scheduled | Y85: =IF($AF85=0,"",IF(INDEX('Remediation Tracker'!$I$7:$I$106,$AF85)<>"Approved","Obtain approval",IF(INDEX('Remediation Tracker'!$J$7:$J$106,$AF85)="Completed",IF(INDEX('Remediation Tracker'!$L$7:$L$106,$AF85)=0,"Record completion date",IF(INDEX('Remediation Tracker'!$M$7:$M$106,$AF85)="","Link closure evidence","Review evidence / validate closure")),IF(INDEX('Remediation Tracker'!$K$7:$K$106,$AF85)=0,"Set target date","Implement and verify")))) -> Obtain approval | AE85: =IF(OR('Remediation Tracker'!E62="",AND('Remediation Tracker'!I62="Approved",'Remediation Tracker'!J62="Completed",ISNUMBER('Remediation Tracker'!L62),'Remediation Tracker'!L62>0,'Remediation Tracker'!L62<=TODAY(),'Remediation Tracker'!N62="Validated",IFERROR(AND('Remediation Tracker'!M62<>"",COUNTIF('Evidence Tracker'!$E$7:$E$106,'Remediation Tracker'!M62)=1,ISNUMBER(INDEX('Evidence Tracker'!$M$7:$M$106,MATCH('Remediation Tracker'!M62,'Evidence Tracker'!$E$7:$E$106,0))),LEN(TRIM(INDEX('Evidence Tracker'!$O$7:$O$106,MATCH('Remediation Tracker'!M62,'Evidence Tracker'!$E$7:$E$106,0))))>0,LEN(TRIM(INDEX('Evidence Tracker'!$P$7:$P$106,MATCH('Remediation Tracker'!M62,'Evidence Tracker'!$E$7:$E$106,0))))>0,COUNTIFS('Evidence Tracker'!$E$7:$E$106,'Remediation Tracker'!M62,'Evidence Tracker'!$F$7:$F$106,'Remediation Tracker'!F62,'Evidence Tracker'!$N$7:$N$106,"Reviewed",'Evidence Tracker'!$Q$7:$Q$106,"Validated",'Evidence Tracker'!$M$7:$M$106,">0",'Evidence Tracker'!$M$7:$M$106,"<="&TODAY())=1),FALSE))),0,IFERROR(INDEX('Risk Register'!$M$7:$M$106,MATCH('Remediation Tracker'!F62,'Risk Register'!$E$7:$E$106,0)),0)*10000+IF(AND(ISNUMBER('Remediation Tracker'!K62),'Remediation Tracker'!K62<TODAY(),'Remediation Tracker'!J62<>"Completed"),1000,0)+107-ROW('Remediation Tracker'!E62)) -> 0 | AF85: =IF(LARGE($AE$30:$AE$129,1)=0,0,MATCH(LARGE($AE$30:$AE$129,1),$AE$30:$AE$129,0)) -> 1
F86: =IF($AF86=0,"",INDEX('Remediation Tracker'!$E$7:$E$106,$AF86)&" / "&INDEX('Remediation Tracker'!$F$7:$F$106,$AF86)) -> A-002 / R-002 | H86: =IF($AF86=0,"",INDEX('Remediation Tracker'!$H$7:$H$106,$AF86)) -> IT / IAM Administrator - proposed | M86: =IF($AF86=0,"",IFERROR(INDEX('Risk Register'!$M$7:$M$106,MATCH(INDEX('Remediation Tracker'!$F$7:$F$106,$AF86),'Risk Register'!$E$7:$E$106,0)),"Not scored")) -> 12 | O86: =IF($AF86=0,"",INDEX('Remediation Tracker'!$I$7:$I$106,$AF86)) -> Pending approval | S86: =IF($AF86=0,"",INDEX('Remediation Tracker'!$J$7:$J$106,$AF86)) -> Proposed | V86: =IF($AF86=0,"",IF(ISNUMBER(INDEX('Remediation Tracker'!$K$7:$K$106,$AF86)),TEXT(INDEX('Remediation Tracker'!$K$7:$K$106,$AF86),"mmm d, yyyy"),"Not scheduled")) -> Not scheduled | Y86: =IF($AF86=0,"",IF(INDEX('Remediation Tracker'!$I$7:$I$106,$AF86)<>"Approved","Obtain approval",IF(INDEX('Remediation Tracker'!$J$7:$J$106,$AF86)="Completed",IF(INDEX('Remediation Tracker'!$L$7:$L$106,$AF86)=0,"Record completion date",IF(INDEX('Remediation Tracker'!$M$7:$M$106,$AF86)="","Link closure evidence","Review evidence / validate closure")),IF(INDEX('Remediation Tracker'!$K$7:$K$106,$AF86)=0,"Set target date","Implement and verify")))) -> Obtain approval | AE86: =IF(OR('Remediation Tracker'!E63="",AND('Remediation Tracker'!I63="Approved",'Remediation Tracker'!J63="Completed",ISNUMBER('Remediation Tracker'!L63),'Remediation Tracker'!L63>0,'Remediation Tracker'!L63<=TODAY(),'Remediation Tracker'!N63="Validated",IFERROR(AND('Remediation Tracker'!M63<>"",COUNTIF('Evidence Tracker'!$E$7:$E$106,'Remediation Tracker'!M63)=1,ISNUMBER(INDEX('Evidence Tracker'!$M$7:$M$106,MATCH('Remediation Tracker'!M63,'Evidence Tracker'!$E$7:$E$106,0))),LEN(TRIM(INDEX('Evidence Tracker'!$O$7:$O$106,MATCH('Remediation Tracker'!M63,'Evidence Tracker'!$E$7:$E$106,0))))>0,LEN(TRIM(INDEX('Evidence Tracker'!$P$7:$P$106,MATCH('Remediation Tracker'!M63,'Evidence Tracker'!$E$7:$E$106,0))))>0,COUNTIFS('Evidence Tracker'!$E$7:$E$106,'Remediation Tracker'!M63,'Evidence Tracker'!$F$7:$F$106,'Remediation Tracker'!F63,'Evidence Tracker'!$N$7:$N$106,"Reviewed",'Evidence Tracker'!$Q$7:$Q$106,"Validated",'Evidence Tracker'!$M$7:$M$106,">0",'Evidence Tracker'!$M$7:$M$106,"<="&TODAY())=1),FALSE))),0,IFERROR(INDEX('Risk Register'!$M$7:$M$106,MATCH('Remediation Tracker'!F63,'Risk Register'!$E$7:$E$106,0)),0)*10000+IF(AND(ISNUMBER('Remediation Tracker'!K63),'Remediation Tracker'!K63<TODAY(),'Remediation Tracker'!J63<>"Completed"),1000,0)+107-ROW('Remediation Tracker'!E63)) -> 0 | AF86: =IF(LARGE($AE$30:$AE$129,2)=0,0,MATCH(LARGE($AE$30:$AE$129,2),$AE$30:$AE$129,0)) -> 2
F87: =IF($AF87=0,"",INDEX('Remediation Tracker'!$E$7:$E$106,$AF87)&" / "&INDEX('Remediation Tracker'!$F$7:$F$106,$AF87)) -> A-003 / R-003 | H87: =IF($AF87=0,"",INDEX('Remediation Tracker'!$H$7:$H$106,$AF87)) -> Sentinel IAM Administrator - proposed | M87: =IF($AF87=0,"",IFERROR(INDEX('Risk Register'!$M$7:$M$106,MATCH(INDEX('Remediation Tracker'!$F$7:$F$106,$AF87),'Risk Register'!$E$7:$E$106,0)),"Not scored")) -> 12 | O87: =IF($AF87=0,"",INDEX('Remediation Tracker'!$I$7:$I$106,$AF87)) -> Pending approval | S87: =IF($AF87=0,"",INDEX('Remediation Tracker'!$J$7:$J$106,$AF87)) -> Proposed | V87: =IF($AF87=0,"",IF(ISNUMBER(INDEX('Remediation Tracker'!$K$7:$K$106,$AF87)),TEXT(INDEX('Remediation Tracker'!$K$7:$K$106,$AF87),"mmm d, yyyy"),"Not scheduled")) -> Not scheduled | Y87: =IF($AF87=0,"",IF(INDEX('Remediation Tracker'!$I$7:$I$106,$AF87)<>"Approved","Obtain approval",IF(INDEX('Remediation Tracker'!$J$7:$J$106,$AF87)="Completed",IF(INDEX('Remediation Tracker'!$L$7:$L$106,$AF87)=0,"Record completion date",IF(INDEX('Remediation Tracker'!$M$7:$M$106,$AF87)="","Link closure evidence","Review evidence / validate closure")),IF(INDEX('Remediation Tracker'!$K$7:$K$106,$AF87)=0,"Set target date","Implement and verify")))) -> Obtain approval | AE87: =IF(OR('Remediation Tracker'!E64="",AND('Remediation Tracker'!I64="Approved",'Remediation Tracker'!J64="Completed",ISNUMBER('Remediation Tracker'!L64),'Remediation Tracker'!L64>0,'Remediation Tracker'!L64<=TODAY(),'Remediation Tracker'!N64="Validated",IFERROR(AND('Remediation Tracker'!M64<>"",COUNTIF('Evidence Tracker'!$E$7:$E$106,'Remediation Tracker'!M64)=1,ISNUMBER(INDEX('Evidence Tracker'!$M$7:$M$106,MATCH('Remediation Tracker'!M64,'Evidence Tracker'!$E$7:$E$106,0))),LEN(TRIM(INDEX('Evidence Tracker'!$O$7:$O$106,MATCH('Remediation Tracker'!M64,'Evidence Tracker'!$E$7:$E$106,0))))>0,LEN(TRIM(INDEX('Evidence Tracker'!$P$7:$P$106,MATCH('Remediation Tracker'!M64,'Evidence Tracker'!$E$7:$E$106,0))))>0,COUNTIFS('Evidence Tracker'!$E$7:$E$106,'Remediation Tracker'!M64,'Evidence Tracker'!$F$7:$F$106,'Remediation Tracker'!F64,'Evidence Tracker'!$N$7:$N$106,"Reviewed",'Evidence Tracker'!$Q$7:$Q$106,"Validated",'Evidence Tracker'!$M$7:$M$106,">0",'Evidence Tracker'!$M$7:$M$106,"<="&TODAY())=1),FALSE))),0,IFERROR(INDEX('Risk Register'!$M$7:$M$106,MATCH('Remediation Tracker'!F64,'Risk Register'!$E$7:$E$106,0)),0)*10000+IF(AND(ISNUMBER('Remediation Tracker'!K64),'Remediation Tracker'!K64<TODAY(),'Remediation Tracker'!J64<>"Completed"),1000,0)+107-ROW('Remediation Tracker'!E64)) -> 0 | AF87: =IF(LARGE($AE$30:$AE$129,3)=0,0,MATCH(LARGE($AE$30:$AE$129,3),$AE$30:$AE$129,0)) -> 3
F88: =IF($AF88=0,"",INDEX('Remediation Tracker'!$E$7:$E$106,$AF88)&" / "&INDEX('Remediation Tracker'!$F$7:$F$106,$AF88)) -> A-004 / R-004 | H88: =IF($AF88=0,"",INDEX('Remediation Tracker'!$H$7:$H$106,$AF88)) -> IT Security Manager - Proposed | M88: =IF($AF88=0,"",IFERROR(INDEX('Risk Register'!$M$7:$M$106,MATCH(INDEX('Remediation Tracker'!$F$7:$F$106,$AF88),'Risk Register'!$E$7:$E$106,0)),"Not scored")) -> 12 | O88: =IF($AF88=0,"",INDEX('Remediation Tracker'!$I$7:$I$106,$AF88)) -> Pending approval | S88: =IF($AF88=0,"",INDEX('Remediation Tracker'!$J$7:$J$106,$AF88)) -> Proposed | V88: =IF($AF88=0,"",IF(ISNUMBER(INDEX('Remediation Tracker'!$K$7:$K$106,$AF88)),TEXT(INDEX('Remediation Tracker'!$K$7:$K$106,$AF88),"mmm d, yyyy"),"Not scheduled")) -> Not scheduled | Y88: =IF($AF88=0,"",IF(INDEX('Remediation Tracker'!$I$7:$I$106,$AF88)<>"Approved","Obtain approval",IF(INDEX('Remediation Tracker'!$J$7:$J$106,$AF88)="Completed",IF(INDEX('Remediation Tracker'!$L$7:$L$106,$AF88)=0,"Record completion date",IF(INDEX('Remediation Tracker'!$M$7:$M$106,$AF88)="","Link closure evidence","Review evidence / validate closure")),IF(INDEX('Remediation Tracker'!$K$7:$K$106,$AF88)=0,"Set target date","Implement and verify")))) -> Obtain approval | AE88: =IF(OR('Remediation Tracker'!E65="",AND('Remediation Tracker'!I65="Approved",'Remediation Tracker'!J65="Completed",ISNUMBER('Remediation Tracker'!L65),'Remediation Tracker'!L65>0,'Remediation Tracker'!L65<=TODAY(),'Remediation Tracker'!N65="Validated",IFERROR(AND('Remediation Tracker'!M65<>"",COUNTIF('Evidence Tracker'!$E$7:$E$106,'Remediation Tracker'!M65)=1,ISNUMBER(INDEX('Evidence Tracker'!$M$7:$M$106,MATCH('Remediation Tracker'!M65,'Evidence Tracker'!$E$7:$E$106,0))),LEN(TRIM(INDEX('Evidence Tracker'!$O$7:$O$106,MATCH('Remediation Tracker'!M65,'Evidence Tracker'!$E$7:$E$106,0))))>0,LEN(TRIM(INDEX('Evidence Tracker'!$P$7:$P$106,MATCH('Remediation Tracker'!M65,'Evidence Tracker'!$E$7:$E$106,0))))>0,COUNTIFS('Evidence Tracker'!$E$7:$E$106,'Remediation Tracker'!M65,'Evidence Tracker'!$F$7:$F$106,'Remediation Tracker'!F65,'Evidence Tracker'!$N$7:$N$106,"Reviewed",'Evidence Tracker'!$Q$7:$Q$106,"Validated",'Evidence Tracker'!$M$7:$M$106,">0",'Evidence Tracker'!$M$7:$M$106,"<="&TODAY())=1),FALSE))),0,IFERROR(INDEX('Risk Register'!$M$7:$M$106,MATCH('Remediation Tracker'!F65,'Risk Register'!$E$7:$E$106,0)),0)*10000+IF(AND(ISNUMBER('Remediation Tracker'!K65),'Remediation Tracker'!K65<TODAY(),'Remediation Tracker'!J65<>"Completed"),1000,0)+107-ROW('Remediation Tracker'!E65)) -> 0 | AF88: =IF(LARGE($AE$30:$AE$129,4)=0,0,MATCH(LARGE($AE$30:$AE$129,4),$AE$30:$AE$129,0)) -> 4
F89: =IF($AF89=0,"",INDEX('Remediation Tracker'!$E$7:$E$106,$AF89)&" / "&INDEX('Remediation Tracker'!$F$7:$F$106,$AF89)) | H89: =IF($AF89=0,"",INDEX('Remediation Tracker'!$H$7:$H$106,$AF89)) | M89: =IF($AF89=0,"",IFERROR(INDEX('Risk Register'!$M$7:$M$106,MATCH(INDEX('Remediation Tracker'!$F$7:$F$106,$AF89),'Risk Register'!$E$7:$E$106,0)),"Not scored")) | O89: =IF($AF89=0,"",INDEX('Remediation Tracker'!$I$7:$I$106,$AF89)) | S89: =IF($AF89=0,"",INDEX('Remediation Tracker'!$J$7:$J$106,$AF89)) | V89: =IF($AF89=0,"",IF(ISNUMBER(INDEX('Remediation Tracker'!$K$7:$K$106,$AF89)),TEXT(INDEX('Remediation Tracker'!$K$7:$K$106,$AF89),"mmm d, yyyy"),"Not scheduled")) | Y89: =IF($AF89=0,"",IF(INDEX('Remediation Tracker'!$I$7:$I$106,$AF89)<>"Approved","Obtain approval",IF(INDEX('Remediation Tracker'!$J$7:$J$106,$AF89)="Completed",IF(INDEX('Remediation Tracker'!$L$7:$L$106,$AF89)=0,"Record completion date",IF(INDEX('Remediation Tracker'!$M$7:$M$106,$AF89)="","Link closure evidence","Review evidence / validate closure")),IF(INDEX('Remediation Tracker'!$K$7:$K$106,$AF89)=0,"Set target date","Implement and verify")))) | AE89: =IF(OR('Remediation Tracker'!E66="",AND('Remediation Tracker'!I66="Approved",'Remediation Tracker'!J66="Completed",ISNUMBER('Remediation Tracker'!L66),'Remediation Tracker'!L66>0,'Remediation Tracker'!L66<=TODAY(),'Remediation Tracker'!N66="Validated",IFERROR(AND('Remediation Tracker'!M66<>"",COUNTIF('Evidence Tracker'!$E$7:$E$106,'Remediation Tracker'!M66)=1,ISNUMBER(INDEX('Evidence Tracker'!$M$7:$M$106,MATCH('Remediation Tracker'!M66,'Evidence Tracker'!$E$7:$E$106,0))),LEN(TRIM(INDEX('Evidence Tracker'!$O$7:$O$106,MATCH('Remediation Tracker'!M66,'Evidence Tracker'!$E$7:$E$106,0))))>0,LEN(TRIM(INDEX('Evidence Tracker'!$P$7:$P$106,MATCH('Remediation Tracker'!M66,'Evidence Tracker'!$E$7:$E$106,0))))>0,COUNTIFS('Evidence Tracker'!$E$7:$E$106,'Remediation Tracker'!M66,'Evidence Tracker'!$F$7:$F$106,'Remediation Tracker'!F66,'Evidence Tracker'!$N$7:$N$106,"Reviewed",'Evidence Tracker'!$Q$7:$Q$106,"Validated",'Evidence Tracker'!$M$7:$M$106,">0",'Evidence Tracker'!$M$7:$M$106,"<="&TODAY())=1),FALSE))),0,IFERROR(INDEX('Risk Register'!$M$7:$M$106,MATCH('Remediation Tracker'!F66,'Risk Register'!$E$7:$E$106,0)),0)*10000+IF(AND(ISNUMBER('Remediation Tracker'!K66),'Remediation Tracker'!K66<TODAY(),'Remediation Tracker'!J66<>"Completed"),1000,0)+107-ROW('Remediation Tracker'!E66)) -> 0 | AF89: =IF(LARGE($AE$30:$AE$129,5)=0,0,MATCH(LARGE($AE$30:$AE$129,5),$AE$30:$AE$129,0)) -> 0
F90: =IF($AF90=0,"",INDEX('Remediation Tracker'!$E$7:$E$106,$AF90)&" / "&INDEX('Remediation Tracker'!$F$7:$F$106,$AF90)) | H90: =IF($AF90=0,"",INDEX('Remediation Tracker'!$H$7:$H$106,$AF90)) | M90: =IF($AF90=0,"",IFERROR(INDEX('Risk Register'!$M$7:$M$106,MATCH(INDEX('Remediation Tracker'!$F$7:$F$106,$AF90),'Risk Register'!$E$7:$E$106,0)),"Not scored")) | O90: =IF($AF90=0,"",INDEX('Remediation Tracker'!$I$7:$I$106,$AF90)) | S90: =IF($AF90=0,"",INDEX('Remediation Tracker'!$J$7:$J$106,$AF90)) | V90: =IF($AF90=0,"",IF(ISNUMBER(INDEX('Remediation Tracker'!$K$7:$K$106,$AF90)),TEXT(INDEX('Remediation Tracker'!$K$7:$K$106,$AF90),"mmm d, yyyy"),"Not scheduled")) | Y90: =IF($AF90=0,"",IF(INDEX('Remediation Tracker'!$I$7:$I$106,$AF90)<>"Approved","Obtain approval",IF(INDEX('Remediation Tracker'!$J$7:$J$106,$AF90)="Completed",IF(INDEX('Remediation Tracker'!$L$7:$L$106,$AF90)=0,"Record completion date",IF(INDEX('Remediation Tracker'!$M$7:$M$106,$AF90)="","Link closure evidence","Review evidence / validate closure")),IF(INDEX('Remediation Tracker'!$K$7:$K$106,$AF90)=0,"Set target date","Implement and verify")))) | AE90: =IF(OR('Remediation Tracker'!E67="",AND('Remediation Tracker'!I67="Approved",'Remediation Tracker'!J67="Completed",ISNUMBER('Remediation Tracker'!L67),'Remediation Tracker'!L67>0,'Remediation Tracker'!L67<=TODAY(),'Remediation Tracker'!N67="Validated",IFERROR(AND('Remediation Tracker'!M67<>"",COUNTIF('Evidence Tracker'!$E$7:$E$106,'Remediation Tracker'!M67)=1,ISNUMBER(INDEX('Evidence Tracker'!$M$7:$M$106,MATCH('Remediation Tracker'!M67,'Evidence Tracker'!$E$7:$E$106,0))),LEN(TRIM(INDEX('Evidence Tracker'!$O$7:$O$106,MATCH('Remediation Tracker'!M67,'Evidence Tracker'!$E$7:$E$106,0))))>0,LEN(TRIM(INDEX('Evidence Tracker'!$P$7:$P$106,MATCH('Remediation Tracker'!M67,'Evidence Tracker'!$E$7:$E$106,0))))>0,COUNTIFS('Evidence Tracker'!$E$7:$E$106,'Remediation Tracker'!M67,'Evidence Tracker'!$F$7:$F$106,'Remediation Tracker'!F67,'Evidence Tracker'!$N$7:$N$106,"Reviewed",'Evidence Tracker'!$Q$7:$Q$106,"Validated",'Evidence Tracker'!$M$7:$M$106,">0",'Evidence Tracker'!$M$7:$M$106,"<="&TODAY())=1),FALSE))),0,IFERROR(INDEX('Risk Register'!$M$7:$M$106,MATCH('Remediation Tracker'!F67,'Risk Register'!$E$7:$E$106,0)),0)*10000+IF(AND(ISNUMBER('Remediation Tracker'!K67),'Remediation Tracker'!K67<TODAY(),'Remediation Tracker'!J67<>"Completed"),1000,0)+107-ROW('Remediation Tracker'!E67)) -> 0 | AF90: =IF(LARGE($AE$30:$AE$129,6)=0,0,MATCH(LARGE($AE$30:$AE$129,6),$AE$30:$AE$129,0)) -> 0
F91: =IF($AF91=0,"",INDEX('Remediation Tracker'!$E$7:$E$106,$AF91)&" / "&INDEX('Remediation Tracker'!$F$7:$F$106,$AF91)) | H91: =IF($AF91=0,"",INDEX('Remediation Tracker'!$H$7:$H$106,$AF91)) | M91: =IF($AF91=0,"",IFERROR(INDEX('Risk Register'!$M$7:$M$106,MATCH(INDEX('Remediation Tracker'!$F$7:$F$106,$AF91),'Risk Register'!$E$7:$E$106,0)),"Not scored")) | O91: =IF($AF91=0,"",INDEX('Remediation Tracker'!$I$7:$I$106,$AF91)) | S91: =IF($AF91=0,"",INDEX('Remediation Tracker'!$J$7:$J$106,$AF91)) | V91: =IF($AF91=0,"",IF(ISNUMBER(INDEX('Remediation Tracker'!$K$7:$K$106,$AF91)),TEXT(INDEX('Remediation Tracker'!$K$7:$K$106,$AF91),"mmm d, yyyy"),"Not scheduled")) | Y91: =IF($AF91=0,"",IF(INDEX('Remediation Tracker'!$I$7:$I$106,$AF91)<>"Approved","Obtain approval",IF(INDEX('Remediation Tracker'!$J$7:$J$106,$AF91)="Completed",IF(INDEX('Remediation Tracker'!$L$7:$L$106,$AF91)=0,"Record completion date",IF(INDEX('Remediation Tracker'!$M$7:$M$106,$AF91)="","Link closure evidence","Review evidence / validate closure")),IF(INDEX('Remediation Tracker'!$K$7:$K$106,$AF91)=0,"Set target date","Implement and verify")))) | AE91: =IF(OR('Remediation Tracker'!E68="",AND('Remediation Tracker'!I68="Approved",'Remediation Tracker'!J68="Completed",ISNUMBER('Remediation Tracker'!L68),'Remediation Tracker'!L68>0,'Remediation Tracker'!L68<=TODAY(),'Remediation Tracker'!N68="Validated",IFERROR(AND('Remediation Tracker'!M68<>"",COUNTIF('Evidence Tracker'!$E$7:$E$106,'Remediation Tracker'!M68)=1,ISNUMBER(INDEX('Evidence Tracker'!$M$7:$M$106,MATCH('Remediation Tracker'!M68,'Evidence Tracker'!$E$7:$E$106,0))),LEN(TRIM(INDEX('Evidence Tracker'!$O$7:$O$106,MATCH('Remediation Tracker'!M68,'Evidence Tracker'!$E$7:$E$106,0))))>0,LEN(TRIM(INDEX('Evidence Tracker'!$P$7:$P$106,MATCH('Remediation Tracker'!M68,'Evidence Tracker'!$E$7:$E$106,0))))>0,COUNTIFS('Evidence Tracker'!$E$7:$E$106,'Remediation Tracker'!M68,'Evidence Tracker'!$F$7:$F$106,'Remediation Tracker'!F68,'Evidence Tracker'!$N$7:$N$106,"Reviewed",'Evidence Tracker'!$Q$7:$Q$106,"Validated",'Evidence Tracker'!$M$7:$M$106,">0",'Evidence Tracker'!$M$7:$M$106,"<="&TODAY())=1),FALSE))),0,IFERROR(INDEX('Risk Register'!$M$7:$M$106,MATCH('Remediation Tracker'!F68,'Risk Register'!$E$7:$E$106,0)),0)*10000+IF(AND(ISNUMBER('Remediation Tracker'!K68),'Remediation Tracker'!K68<TODAY(),'Remediation Tracker'!J68<>"Completed"),1000,0)+107-ROW('Remediation Tracker'!E68)) -> 0 | AF91: =IF(LARGE($AE$30:$AE$129,7)=0,0,MATCH(LARGE($AE$30:$AE$129,7),$AE$30:$AE$129,0)) -> 0
F92: =IF($AF92=0,"",INDEX('Remediation Tracker'!$E$7:$E$106,$AF92)&" / "&INDEX('Remediation Tracker'!$F$7:$F$106,$AF92)) | H92: =IF($AF92=0,"",INDEX('Remediation Tracker'!$H$7:$H$106,$AF92)) | M92: =IF($AF92=0,"",IFERROR(INDEX('Risk Register'!$M$7:$M$106,MATCH(INDEX('Remediation Tracker'!$F$7:$F$106,$AF92),'Risk Register'!$E$7:$E$106,0)),"Not scored")) | O92: =IF($AF92=0,"",INDEX('Remediation Tracker'!$I$7:$I$106,$AF92)) | S92: =IF($AF92=0,"",INDEX('Remediation Tracker'!$J$7:$J$106,$AF92)) | V92: =IF($AF92=0,"",IF(ISNUMBER(INDEX('Remediation Tracker'!$K$7:$K$106,$AF92)),TEXT(INDEX('Remediation Tracker'!$K$7:$K$106,$AF92),"mmm d, yyyy"),"Not scheduled")) | Y92: =IF($AF92=0,"",IF(INDEX('Remediation Tracker'!$I$7:$I$106,$AF92)<>"Approved","Obtain approval",IF(INDEX('Remediation Tracker'!$J$7:$J$106,$AF92)="Completed",IF(INDEX('Remediation Tracker'!$L$7:$L$106,$AF92)=0,"Record completion date",IF(INDEX('Remediation Tracker'!$M$7:$M$106,$AF92)="","Link closure evidence","Review evidence / validate closure")),IF(INDEX('Remediation Tracker'!$K$7:$K$106,$AF92)=0,"Set target date","Implement and verify")))) | AE92: =IF(OR('Remediation Tracker'!E69="",AND('Remediation Tracker'!I69="Approved",'Remediation Tracker'!J69="Completed",ISNUMBER('Remediation Tracker'!L69),'Remediation Tracker'!L69>0,'Remediation Tracker'!L69<=TODAY(),'Remediation Tracker'!N69="Validated",IFERROR(AND('Remediation Tracker'!M69<>"",COUNTIF('Evidence Tracker'!$E$7:$E$106,'Remediation Tracker'!M69)=1,ISNUMBER(INDEX('Evidence Tracker'!$M$7:$M$106,MATCH('Remediation Tracker'!M69,'Evidence Tracker'!$E$7:$E$106,0))),LEN(TRIM(INDEX('Evidence Tracker'!$O$7:$O$106,MATCH('Remediation Tracker'!M69,'Evidence Tracker'!$E$7:$E$106,0))))>0,LEN(TRIM(INDEX('Evidence Tracker'!$P$7:$P$106,MATCH('Remediation Tracker'!M69,'Evidence Tracker'!$E$7:$E$106,0))))>0,COUNTIFS('Evidence Tracker'!$E$7:$E$106,'Remediation Tracker'!M69,'Evidence Tracker'!$F$7:$F$106,'Remediation Tracker'!F69,'Evidence Tracker'!$N$7:$N$106,"Reviewed",'Evidence Tracker'!$Q$7:$Q$106,"Validated",'Evidence Tracker'!$M$7:$M$106,">0",'Evidence Tracker'!$M$7:$M$106,"<="&TODAY())=1),FALSE))),0,IFERROR(INDEX('Risk Register'!$M$7:$M$106,MATCH('Remediation Tracker'!F69,'Risk Register'!$E$7:$E$106,0)),0)*10000+IF(AND(ISNUMBER('Remediation Tracker'!K69),'Remediation Tracker'!K69<TODAY(),'Remediation Tracker'!J69<>"Completed"),1000,0)+107-ROW('Remediation Tracker'!E69)) -> 0 | AF92: =IF(LARGE($AE$30:$AE$129,8)=0,0,MATCH(LARGE($AE$30:$AE$129,8),$AE$30:$AE$129,0)) -> 0
F93: =IF($AF93=0,"",INDEX('Remediation Tracker'!$E$7:$E$106,$AF93)&" / "&INDEX('Remediation Tracker'!$F$7:$F$106,$AF93)) | H93: =IF($AF93=0,"",INDEX('Remediation Tracker'!$H$7:$H$106,$AF93)) | M93: =IF($AF93=0,"",IFERROR(INDEX('Risk Register'!$M$7:$M$106,MATCH(INDEX('Remediation Tracker'!$F$7:$F$106,$AF93),'Risk Register'!$E$7:$E$106,0)),"Not scored")) | O93: =IF($AF93=0,"",INDEX('Remediation Tracker'!$I$7:$I$106,$AF93)) | S93: =IF($AF93=0,"",INDEX('Remediation Tracker'!$J$7:$J$106,$AF93)) | V93: =IF($AF93=0,"",IF(ISNUMBER(INDEX('Remediation Tracker'!$K$7:$K$106,$AF93)),TEXT(INDEX('Remediation Tracker'!$K$7:$K$106,$AF93),"mmm d, yyyy"),"Not scheduled")) | Y93: =IF($AF93=0,"",IF(INDEX('Remediation Tracker'!$I$7:$I$106,$AF93)<>"Approved","Obtain approval",IF(INDEX('Remediation Tracker'!$J$7:$J$106,$AF93)="Completed",IF(INDEX('Remediation Tracker'!$L$7:$L$106,$AF93)=0,"Record completion date",IF(INDEX('Remediation Tracker'!$M$7:$M$106,$AF93)="","Link closure evidence","Review evidence / validate closure")),IF(INDEX('Remediation Tracker'!$K$7:$K$106,$AF93)=0,"Set target date","Implement and verify")))) | AE93: =IF(OR('Remediation Tracker'!E70="",AND('Remediation Tracker'!I70="Approved",'Remediation Tracker'!J70="Completed",ISNUMBER('Remediation Tracker'!L70),'Remediation Tracker'!L70>0,'Remediation Tracker'!L70<=TODAY(),'Remediation Tracker'!N70="Validated",IFERROR(AND('Remediation Tracker'!M70<>"",COUNTIF('Evidence Tracker'!$E$7:$E$106,'Remediation Tracker'!M70)=1,ISNUMBER(INDEX('Evidence Tracker'!$M$7:$M$106,MATCH('Remediation Tracker'!M70,'Evidence Tracker'!$E$7:$E$106,0))),LEN(TRIM(INDEX('Evidence Tracker'!$O$7:$O$106,MATCH('Remediation Tracker'!M70,'Evidence Tracker'!$E$7:$E$106,0))))>0,LEN(TRIM(INDEX('Evidence Tracker'!$P$7:$P$106,MATCH('Remediation Tracker'!M70,'Evidence Tracker'!$E$7:$E$106,0))))>0,COUNTIFS('Evidence Tracker'!$E$7:$E$106,'Remediation Tracker'!M70,'Evidence Tracker'!$F$7:$F$106,'Remediation Tracker'!F70,'Evidence Tracker'!$N$7:$N$106,"Reviewed",'Evidence Tracker'!$Q$7:$Q$106,"Validated",'Evidence Tracker'!$M$7:$M$106,">0",'Evidence Tracker'!$M$7:$M$106,"<="&TODAY())=1),FALSE))),0,IFERROR(INDEX('Risk Register'!$M$7:$M$106,MATCH('Remediation Tracker'!F70,'Risk Register'!$E$7:$E$106,0)),0)*10000+IF(AND(ISNUMBER('Remediation Tracker'!K70),'Remediation Tracker'!K70<TODAY(),'Remediation Tracker'!J70<>"Completed"),1000,0)+107-ROW('Remediation Tracker'!E70)) -> 0 | AF93: =IF(LARGE($AE$30:$AE$129,9)=0,0,MATCH(LARGE($AE$30:$AE$129,9),$AE$30:$AE$129,0)) -> 0
F94: =IF($AF94=0,"",INDEX('Remediation Tracker'!$E$7:$E$106,$AF94)&" / "&INDEX('Remediation Tracker'!$F$7:$F$106,$AF94)) | H94: =IF($AF94=0,"",INDEX('Remediation Tracker'!$H$7:$H$106,$AF94)) | M94: =IF($AF94=0,"",IFERROR(INDEX('Risk Register'!$M$7:$M$106,MATCH(INDEX('Remediation Tracker'!$F$7:$F$106,$AF94),'Risk Register'!$E$7:$E$106,0)),"Not scored")) | O94: =IF($AF94=0,"",INDEX('Remediation Tracker'!$I$7:$I$106,$AF94)) | S94: =IF($AF94=0,"",INDEX('Remediation Tracker'!$J$7:$J$106,$AF94)) | V94: =IF($AF94=0,"",IF(ISNUMBER(INDEX('Remediation Tracker'!$K$7:$K$106,$AF94)),TEXT(INDEX('Remediation Tracker'!$K$7:$K$106,$AF94),"mmm d, yyyy"),"Not scheduled")) | Y94: =IF($AF94=0,"",IF(INDEX('Remediation Tracker'!$I$7:$I$106,$AF94)<>"Approved","Obtain approval",IF(INDEX('Remediation Tracker'!$J$7:$J$106,$AF94)="Completed",IF(INDEX('Remediation Tracker'!$L$7:$L$106,$AF94)=0,"Record completion date",IF(INDEX('Remediation Tracker'!$M$7:$M$106,$AF94)="","Link closure evidence","Review evidence / validate closure")),IF(INDEX('Remediation Tracker'!$K$7:$K$106,$AF94)=0,"Set target date","Implement and verify")))) | AE94: =IF(OR('Remediation Tracker'!E71="",AND('Remediation Tracker'!I71="Approved",'Remediation Tracker'!J71="Completed",ISNUMBER('Remediation Tracker'!L71),'Remediation Tracker'!L71>0,'Remediation Tracker'!L71<=TODAY(),'Remediation Tracker'!N71="Validated",IFERROR(AND('Remediation Tracker'!M71<>"",COUNTIF('Evidence Tracker'!$E$7:$E$106,'Remediation Tracker'!M71)=1,ISNUMBER(INDEX('Evidence Tracker'!$M$7:$M$106,MATCH('Remediation Tracker'!M71,'Evidence Tracker'!$E$7:$E$106,0))),LEN(TRIM(INDEX('Evidence Tracker'!$O$7:$O$106,MATCH('Remediation Tracker'!M71,'Evidence Tracker'!$E$7:$E$106,0))))>0,LEN(TRIM(INDEX('Evidence Tracker'!$P$7:$P$106,MATCH('Remediation Tracker'!M71,'Evidence Tracker'!$E$7:$E$106,0))))>0,COUNTIFS('Evidence Tracker'!$E$7:$E$106,'Remediation Tracker'!M71,'Evidence Tracker'!$F$7:$F$106,'Remediation Tracker'!F71,'Evidence Tracker'!$N$7:$N$106,"Reviewed",'Evidence Tracker'!$Q$7:$Q$106,"Validated",'Evidence Tracker'!$M$7:$M$106,">0",'Evidence Tracker'!$M$7:$M$106,"<="&TODAY())=1),FALSE))),0,IFERROR(INDEX('Risk Register'!$M$7:$M$106,MATCH('Remediation Tracker'!F71,'Risk Register'!$E$7:$E$106,0)),0)*10000+IF(AND(ISNUMBER('Remediation Tracker'!K71),'Remediation Tracker'!K71<TODAY(),'Remediation Tracker'!J71<>"Completed"),1000,0)+107-ROW('Remediation Tracker'!E71)) -> 0 | AF94: =IF(LARGE($AE$30:$AE$129,10)=0,0,MATCH(LARGE($AE$30:$AE$129,10),$AE$30:$AE$129,0)) -> 0
AE95: =IF(OR('Remediation Tracker'!E72="",AND('Remediation Tracker'!I72="Approved",'Remediation Tracker'!J72="Completed",ISNUMBER('Remediation Tracker'!L72),'Remediation Tracker'!L72>0,'Remediation Tracker'!L72<=TODAY(),'Remediation Tracker'!N72="Validated",IFERROR(AND('Remediation Tracker'!M72<>"",COUNTIF('Evidence Tracker'!$E$7:$E$106,'Remediation Tracker'!M72)=1,ISNUMBER(INDEX('Evidence Tracker'!$M$7:$M$106,MATCH('Remediation Tracker'!M72,'Evidence Tracker'!$E$7:$E$106,0))),LEN(TRIM(INDEX('Evidence Tracker'!$O$7:$O$106,MATCH('Remediation Tracker'!M72,'Evidence Tracker'!$E$7:$E$106,0))))>0,LEN(TRIM(INDEX('Evidence Tracker'!$P$7:$P$106,MATCH('Remediation Tracker'!M72,'Evidence Tracker'!$E$7:$E$106,0))))>0,COUNTIFS('Evidence Tracker'!$E$7:$E$106,'Remediation Tracker'!M72,'Evidence Tracker'!$F$7:$F$106,'Remediation Tracker'!F72,'Evidence Tracker'!$N$7:$N$106,"Reviewed",'Evidence Tracker'!$Q$7:$Q$106,"Validated",'Evidence Tracker'!$M$7:$M$106,">0",'Evidence Tracker'!$M$7:$M$106,"<="&TODAY())=1),FALSE))),0,IFERROR(INDEX('Risk Register'!$M$7:$M$106,MATCH('Remediation Tracker'!F72,'Risk Register'!$E$7:$E$106,0)),0)*10000+IF(AND(ISNUMBER('Remediation Tracker'!K72),'Remediation Tracker'!K72<TODAY(),'Remediation Tracker'!J72<>"Completed"),1000,0)+107-ROW('Remediation Tracker'!E72)) -> 0
F96: Training scenario / Provisional risk ratings are not organization-wide maturity scores. No maturity percentage is inferred. | G96: Training scenario / Provisional risk ratings are not organization-wide maturity scores. No maturity percentage is inferred. | H96: Training scenario / Provisional risk ratings are not organization-wide maturity scores. No maturity percentage is inferred. | I96: Training scenario / Provisional risk ratings are not organization-wide maturity scores. No maturity percentage is inferred. | J96: Training scenario / Provisional risk ratings are not organization-wide maturity scores. No maturity percentage is inferred. | K96: Training scenario / Provisional risk ratings are not organization-wide maturity scores. No maturity percentage is inferred. | L96: Training scenario / Provisional risk ratings are not organization-wide maturity scores. No maturity percentage is inferred. | M96: Training scenario / Provisional risk ratings are not organization-wide maturity scores. No maturity percentage is inferred. | N96: Training scenario / Provisional risk ratings are not organization-wide maturity scores. No maturity percentage is inferred. | O96: Training scenario / Provisional risk ratings are not organization-wide maturity scores. No maturity percentage is inferred. | P96: Training scenario / Provisional risk ratings are not organization-wide maturity scores. No maturity percentage is inferred. | Q96: Training scenario / Provisional risk ratings are not organization-wide maturity scores. No maturity percentage is inferred. | R96: Training scenario / Provisional risk ratings are not organization-wide maturity scores. No maturity percentage is inferred. | S96: Training scenario / Provisional risk ratings are not organization-wide maturity scores. No maturity percentage is inferred. | T96: Training scenario / Provisional risk ratings are not organization-wide maturity scores. No maturity percentage is inferred. | U96: Training scenario / Provisional risk ratings are not organization-wide maturity scores. No maturity percentage is inferred. | V96: Training scenario / Provisional risk ratings are not organization-wide maturity scores. No maturity percentage is inferred. | W96: Training scenario / Provisional risk ratings are not organization-wide maturity scores. No maturity percentage is inferred. | X96: Training scenario / Provisional risk ratings are not organization-wide maturity scores. No maturity percentage is inferred. | Y96: Training scenario / Provisional risk ratings are not organization-wide maturity scores. No maturity percentage is inferred. | Z96: Training scenario / Provisional risk ratings are not organization-wide maturity scores. No maturity percentage is inferred. | AA96: Training scenario / Provisional risk ratings are not organization-wide maturity scores. No maturity percentage is inferred. | AB96: Training scenario / Provisional risk ratings are not organization-wide maturity scores. No maturity percentage is inferred. | AE96: =IF(OR('Remediation Tracker'!E73="",AND('Remediation Tracker'!I73="Approved",'Remediation Tracker'!J73="Completed",ISNUMBER('Remediation Tracker'!L73),'Remediation Tracker'!L73>0,'Remediation Tracker'!L73<=TODAY(),'Remediation Tracker'!N73="Validated",IFERROR(AND('Remediation Tracker'!M73<>"",COUNTIF('Evidence Tracker'!$E$7:$E$106,'Remediation Tracker'!M73)=1,ISNUMBER(INDEX('Evidence Tracker'!$M$7:$M$106,MATCH('Remediation Tracker'!M73,'Evidence Tracker'!$E$7:$E$106,0))),LEN(TRIM(INDEX('Evidence Tracker'!$O$7:$O$106,MATCH('Remediation Tracker'!M73,'Evidence Tracker'!$E$7:$E$106,0))))>0,LEN(TRIM(INDEX('Evidence Tracker'!$P$7:$P$106,MATCH('Remediation Tracker'!M73,'Evidence Tracker'!$E$7:$E$106,0))))>0,COUNTIFS('Evidence Tracker'!$E$7:$E$106,'Remediation Tracker'!M73,'Evidence Tracker'!$F$7:$F$106,'Remediation Tracker'!F73,'Evidence Tracker'!$N$7:$N$106,"Reviewed",'Evidence Tracker'!$Q$7:$Q$106,"Validated",'Evidence Tracker'!$M$7:$M$106,">0",'Evidence Tracker'!$M$7:$M$106,"<="&TODAY())=1),FALSE))),0,IFERROR(INDEX('Risk Register'!$M$7:$M$106,MATCH('Remediation Tracker'!F73,'Risk Register'!$E$7:$E$106,0)),0)*10000+IF(AND(ISNUMBER('Remediation Tracker'!K73),'Remediation Tracker'!K73<TODAY(),'Remediation Tracker'!J73<>"Completed"),1000,0)+107-ROW('Remediation Tracker'!E73)) -> 0
AE97: =IF(OR('Remediation Tracker'!E74="",AND('Remediation Tracker'!I74="Approved",'Remediation Tracker'!J74="Completed",ISNUMBER('Remediation Tracker'!L74),'Remediation Tracker'!L74>0,'Remediation Tracker'!L74<=TODAY(),'Remediation Tracker'!N74="Validated",IFERROR(AND('Remediation Tracker'!M74<>"",COUNTIF('Evidence Tracker'!$E$7:$E$106,'Remediation Tracker'!M74)=1,ISNUMBER(INDEX('Evidence Tracker'!$M$7:$M$106,MATCH('Remediation Tracker'!M74,'Evidence Tracker'!$E$7:$E$106,0))),LEN(TRIM(INDEX('Evidence Tracker'!$O$7:$O$106,MATCH('Remediation Tracker'!M74,'Evidence Tracker'!$E$7:$E$106,0))))>0,LEN(TRIM(INDEX('Evidence Tracker'!$P$7:$P$106,MATCH('Remediation Tracker'!M74,'Evidence Tracker'!$E$7:$E$106,0))))>0,COUNTIFS('Evidence Tracker'!$E$7:$E$106,'Remediation Tracker'!M74,'Evidence Tracker'!$F$7:$F$106,'Remediation Tracker'!F74,'Evidence Tracker'!$N$7:$N$106,"Reviewed",'Evidence Tracker'!$Q$7:$Q$106,"Validated",'Evidence Tracker'!$M$7:$M$106,">0",'Evidence Tracker'!$M$7:$M$106,"<="&TODAY())=1),FALSE))),0,IFERROR(INDEX('Risk Register'!$M$7:$M$106,MATCH('Remediation Tracker'!F74,'Risk Register'!$E$7:$E$106,0)),0)*10000+IF(AND(ISNUMBER('Remediation Tracker'!K74),'Remediation Tracker'!K74<TODAY(),'Remediation Tracker'!J74<>"Completed"),1000,0)+107-ROW('Remediation Tracker'!E74)) -> 0
AE98: =IF(OR('Remediation Tracker'!E75="",AND('Remediation Tracker'!I75="Approved",'Remediation Tracker'!J75="Completed",ISNUMBER('Remediation Tracker'!L75),'Remediation Tracker'!L75>0,'Remediation Tracker'!L75<=TODAY(),'Remediation Tracker'!N75="Validated",IFERROR(AND('Remediation Tracker'!M75<>"",COUNTIF('Evidence Tracker'!$E$7:$E$106,'Remediation Tracker'!M75)=1,ISNUMBER(INDEX('Evidence Tracker'!$M$7:$M$106,MATCH('Remediation Tracker'!M75,'Evidence Tracker'!$E$7:$E$106,0))),LEN(TRIM(INDEX('Evidence Tracker'!$O$7:$O$106,MATCH('Remediation Tracker'!M75,'Evidence Tracker'!$E$7:$E$106,0))))>0,LEN(TRIM(INDEX('Evidence Tracker'!$P$7:$P$106,MATCH('Remediation Tracker'!M75,'Evidence Tracker'!$E$7:$E$106,0))))>0,COUNTIFS('Evidence Tracker'!$E$7:$E$106,'Remediation Tracker'!M75,'Evidence Tracker'!$F$7:$F$106,'Remediation Tracker'!F75,'Evidence Tracker'!$N$7:$N$106,"Reviewed",'Evidence Tracker'!$Q$7:$Q$106,"Validated",'Evidence Tracker'!$M$7:$M$106,">0",'Evidence Tracker'!$M$7:$M$106,"<="&TODAY())=1),FALSE))),0,IFERROR(INDEX('Risk Register'!$M$7:$M$106,MATCH('Remediation Tracker'!F75,'Risk Register'!$E$7:$E$106,0)),0)*10000+IF(AND(ISNUMBER('Remediation Tracker'!K75),'Remediation Tracker'!K75<TODAY(),'Remediation Tracker'!J75<>"Completed"),1000,0)+107-ROW('Remediation Tracker'!E75)) -> 0
AE99: =IF(OR('Remediation Tracker'!E76="",AND('Remediation Tracker'!I76="Approved",'Remediation Tracker'!J76="Completed",ISNUMBER('Remediation Tracker'!L76),'Remediation Tracker'!L76>0,'Remediation Tracker'!L76<=TODAY(),'Remediation Tracker'!N76="Validated",IFERROR(AND('Remediation Tracker'!M76<>"",COUNTIF('Evidence Tracker'!$E$7:$E$106,'Remediation Tracker'!M76)=1,ISNUMBER(INDEX('Evidence Tracker'!$M$7:$M$106,MATCH('Remediation Tracker'!M76,'Evidence Tracker'!$E$7:$E$106,0))),LEN(TRIM(INDEX('Evidence Tracker'!$O$7:$O$106,MATCH('Remediation Tracker'!M76,'Evidence Tracker'!$E$7:$E$106,0))))>0,LEN(TRIM(INDEX('Evidence Tracker'!$P$7:$P$106,MATCH('Remediation Tracker'!M76,'Evidence Tracker'!$E$7:$E$106,0))))>0,COUNTIFS('Evidence Tracker'!$E$7:$E$106,'Remediation Tracker'!M76,'Evidence Tracker'!$F$7:$F$106,'Remediation Tracker'!F76,'Evidence Tracker'!$N$7:$N$106,"Reviewed",'Evidence Tracker'!$Q$7:$Q$106,"Validated",'Evidence Tracker'!$M$7:$M$106,">0",'Evidence Tracker'!$M$7:$M$106,"<="&TODAY())=1),FALSE))),0,IFERROR(INDEX('Risk Register'!$M$7:$M$106,MATCH('Remediation Tracker'!F76,'Risk Register'!$E$7:$E$106,0)),0)*10000+IF(AND(ISNUMBER('Remediation Tracker'!K76),'Remediation Tracker'!K76<TODAY(),'Remediation Tracker'!J76<>"Completed"),1000,0)+107-ROW('Remediation Tracker'!E76)) -> 0
AE100: =IF(OR('Remediation Tracker'!E77="",AND('Remediation Tracker'!I77="Approved",'Remediation Tracker'!J77="Completed",ISNUMBER('Remediation Tracker'!L77),'Remediation Tracker'!L77>0,'Remediation Tracker'!L77<=TODAY(),'Remediation Tracker'!N77="Validated",IFERROR(AND('Remediation Tracker'!M77<>"",COUNTIF('Evidence Tracker'!$E$7:$E$106,'Remediation Tracker'!M77)=1,ISNUMBER(INDEX('Evidence Tracker'!$M$7:$M$106,MATCH('Remediation Tracker'!M77,'Evidence Tracker'!$E$7:$E$106,0))),LEN(TRIM(INDEX('Evidence Tracker'!$O$7:$O$106,MATCH('Remediation Tracker'!M77,'Evidence Tracker'!$E$7:$E$106,0))))>0,LEN(TRIM(INDEX('Evidence Tracker'!$P$7:$P$106,MATCH('Remediation Tracker'!M77,'Evidence Tracker'!$E$7:$E$106,0))))>0,COUNTIFS('Evidence Tracker'!$E$7:$E$106,'Remediation Tracker'!M77,'Evidence Tracker'!$F$7:$F$106,'Remediation Tracker'!F77,'Evidence Tracker'!$N$7:$N$106,"Reviewed",'Evidence Tracker'!$Q$7:$Q$106,"Validated",'Evidence Tracker'!$M$7:$M$106,">0",'Evidence Tracker'!$M$7:$M$106,"<="&TODAY())=1),FALSE))),0,IFERROR(INDEX('Risk Register'!$M$7:$M$106,MATCH('Remediation Tracker'!F77,'Risk Register'!$E$7:$E$106,0)),0)*10000+IF(AND(ISNUMBER('Remediation Tracker'!K77),'Remediation Tracker'!K77<TODAY(),'Remediation Tracker'!J77<>"Completed"),1000,0)+107-ROW('Remediation Tracker'!E77)) -> 0
AE101: =IF(OR('Remediation Tracker'!E78="",AND('Remediation Tracker'!I78="Approved",'Remediation Tracker'!J78="Completed",ISNUMBER('Remediation Tracker'!L78),'Remediation Tracker'!L78>0,'Remediation Tracker'!L78<=TODAY(),'Remediation Tracker'!N78="Validated",IFERROR(AND('Remediation Tracker'!M78<>"",COUNTIF('Evidence Tracker'!$E$7:$E$106,'Remediation Tracker'!M78)=1,ISNUMBER(INDEX('Evidence Tracker'!$M$7:$M$106,MATCH('Remediation Tracker'!M78,'Evidence Tracker'!$E$7:$E$106,0))),LEN(TRIM(INDEX('Evidence Tracker'!$O$7:$O$106,MATCH('Remediation Tracker'!M78,'Evidence Tracker'!$E$7:$E$106,0))))>0,LEN(TRIM(INDEX('Evidence Tracker'!$P$7:$P$106,MATCH('Remediation Tracker'!M78,'Evidence Tracker'!$E$7:$E$106,0))))>0,COUNTIFS('Evidence Tracker'!$E$7:$E$106,'Remediation Tracker'!M78,'Evidence Tracker'!$F$7:$F$106,'Remediation Tracker'!F78,'Evidence Tracker'!$N$7:$N$106,"Reviewed",'Evidence Tracker'!$Q$7:$Q$106,"Validated",'Evidence Tracker'!$M$7:$M$106,">0",'Evidence Tracker'!$M$7:$M$106,"<="&TODAY())=1),FALSE))),0,IFERROR(INDEX('Risk Register'!$M$7:$M$106,MATCH('Remediation Tracker'!F78,'Risk Register'!$E$7:$E$106,0)),0)*10000+IF(AND(ISNUMBER('Remediation Tracker'!K78),'Remediation Tracker'!K78<TODAY(),'Remediation Tracker'!J78<>"Completed"),1000,0)+107-ROW('Remediation Tracker'!E78)) -> 0
AE102: =IF(OR('Remediation Tracker'!E79="",AND('Remediation Tracker'!I79="Approved",'Remediation Tracker'!J79="Completed",ISNUMBER('Remediation Tracker'!L79),'Remediation Tracker'!L79>0,'Remediation Tracker'!L79<=TODAY(),'Remediation Tracker'!N79="Validated",IFERROR(AND('Remediation Tracker'!M79<>"",COUNTIF('Evidence Tracker'!$E$7:$E$106,'Remediation Tracker'!M79)=1,ISNUMBER(INDEX('Evidence Tracker'!$M$7:$M$106,MATCH('Remediation Tracker'!M79,'Evidence Tracker'!$E$7:$E$106,0))),LEN(TRIM(INDEX('Evidence Tracker'!$O$7:$O$106,MATCH('Remediation Tracker'!M79,'Evidence Tracker'!$E$7:$E$106,0))))>0,LEN(TRIM(INDEX('Evidence Tracker'!$P$7:$P$106,MATCH('Remediation Tracker'!M79,'Evidence Tracker'!$E$7:$E$106,0))))>0,COUNTIFS('Evidence Tracker'!$E$7:$E$106,'Remediation Tracker'!M79,'Evidence Tracker'!$F$7:$F$106,'Remediation Tracker'!F79,'Evidence Tracker'!$N$7:$N$106,"Reviewed",'Evidence Tracker'!$Q$7:$Q$106,"Validated",'Evidence Tracker'!$M$7:$M$106,">0",'Evidence Tracker'!$M$7:$M$106,"<="&TODAY())=1),FALSE))),0,IFERROR(INDEX('Risk Register'!$M$7:$M$106,MATCH('Remediation Tracker'!F79,'Risk Register'!$E$7:$E$106,0)),0)*10000+IF(AND(ISNUMBER('Remediation Tracker'!K79),'Remediation Tracker'!K79<TODAY(),'Remediation Tracker'!J79<>"Completed"),1000,0)+107-ROW('Remediation Tracker'!E79)) -> 0
AE103: =IF(OR('Remediation Tracker'!E80="",AND('Remediation Tracker'!I80="Approved",'Remediation Tracker'!J80="Completed",ISNUMBER('Remediation Tracker'!L80),'Remediation Tracker'!L80>0,'Remediation Tracker'!L80<=TODAY(),'Remediation Tracker'!N80="Validated",IFERROR(AND('Remediation Tracker'!M80<>"",COUNTIF('Evidence Tracker'!$E$7:$E$106,'Remediation Tracker'!M80)=1,ISNUMBER(INDEX('Evidence Tracker'!$M$7:$M$106,MATCH('Remediation Tracker'!M80,'Evidence Tracker'!$E$7:$E$106,0))),LEN(TRIM(INDEX('Evidence Tracker'!$O$7:$O$106,MATCH('Remediation Tracker'!M80,'Evidence Tracker'!$E$7:$E$106,0))))>0,LEN(TRIM(INDEX('Evidence Tracker'!$P$7:$P$106,MATCH('Remediation Tracker'!M80,'Evidence Tracker'!$E$7:$E$106,0))))>0,COUNTIFS('Evidence Tracker'!$E$7:$E$106,'Remediation Tracker'!M80,'Evidence Tracker'!$F$7:$F$106,'Remediation Tracker'!F80,'Evidence Tracker'!$N$7:$N$106,"Reviewed",'Evidence Tracker'!$Q$7:$Q$106,"Validated",'Evidence Tracker'!$M$7:$M$106,">0",'Evidence Tracker'!$M$7:$M$106,"<="&TODAY())=1),FALSE))),0,IFERROR(INDEX('Risk Register'!$M$7:$M$106,MATCH('Remediation Tracker'!F80,'Risk Register'!$E$7:$E$106,0)),0)*10000+IF(AND(ISNUMBER('Remediation Tracker'!K80),'Remediation Tracker'!K80<TODAY(),'Remediation Tracker'!J80<>"Completed"),1000,0)+107-ROW('Remediation Tracker'!E80)) -> 0
AE104: =IF(OR('Remediation Tracker'!E81="",AND('Remediation Tracker'!I81="Approved",'Remediation Tracker'!J81="Completed",ISNUMBER('Remediation Tracker'!L81),'Remediation Tracker'!L81>0,'Remediation Tracker'!L81<=TODAY(),'Remediation Tracker'!N81="Validated",IFERROR(AND('Remediation Tracker'!M81<>"",COUNTIF('Evidence Tracker'!$E$7:$E$106,'Remediation Tracker'!M81)=1,ISNUMBER(INDEX('Evidence Tracker'!$M$7:$M$106,MATCH('Remediation Tracker'!M81,'Evidence Tracker'!$E$7:$E$106,0))),LEN(TRIM(INDEX('Evidence Tracker'!$O$7:$O$106,MATCH('Remediation Tracker'!M81,'Evidence Tracker'!$E$7:$E$106,0))))>0,LEN(TRIM(INDEX('Evidence Tracker'!$P$7:$P$106,MATCH('Remediation Tracker'!M81,'Evidence Tracker'!$E$7:$E$106,0))))>0,COUNTIFS('Evidence Tracker'!$E$7:$E$106,'Remediation Tracker'!M81,'Evidence Tracker'!$F$7:$F$106,'Remediation Tracker'!F81,'Evidence Tracker'!$N$7:$N$106,"Reviewed",'Evidence Tracker'!$Q$7:$Q$106,"Validated",'Evidence Tracker'!$M$7:$M$106,">0",'Evidence Tracker'!$M$7:$M$106,"<="&TODAY())=1),FALSE))),0,IFERROR(INDEX('Risk Register'!$M$7:$M$106,MATCH('Remediation Tracker'!F81,'Risk Register'!$E$7:$E$106,0)),0)*10000+IF(AND(ISNUMBER('Remediation Tracker'!K81),'Remediation Tracker'!K81<TODAY(),'Remediation Tracker'!J81<>"Completed"),1000,0)+107-ROW('Remediation Tracker'!E81)) -> 0
AE105: =IF(OR('Remediation Tracker'!E82="",AND('Remediation Tracker'!I82="Approved",'Remediation Tracker'!J82="Completed",ISNUMBER('Remediation Tracker'!L82),'Remediation Tracker'!L82>0,'Remediation Tracker'!L82<=TODAY(),'Remediation Tracker'!N82="Validated",IFERROR(AND('Remediation Tracker'!M82<>"",COUNTIF('Evidence Tracker'!$E$7:$E$106,'Remediation Tracker'!M82)=1,ISNUMBER(INDEX('Evidence Tracker'!$M$7:$M$106,MATCH('Remediation Tracker'!M82,'Evidence Tracker'!$E$7:$E$106,0))),LEN(TRIM(INDEX('Evidence Tracker'!$O$7:$O$106,MATCH('Remediation Tracker'!M82,'Evidence Tracker'!$E$7:$E$106,0))))>0,LEN(TRIM(INDEX('Evidence Tracker'!$P$7:$P$106,MATCH('Remediation Tracker'!M82,'Evidence Tracker'!$E$7:$E$106,0))))>0,COUNTIFS('Evidence Tracker'!$E$7:$E$106,'Remediation Tracker'!M82,'Evidence Tracker'!$F$7:$F$106,'Remediation Tracker'!F82,'Evidence Tracker'!$N$7:$N$106,"Reviewed",'Evidence Tracker'!$Q$7:$Q$106,"Validated",'Evidence Tracker'!$M$7:$M$106,">0",'Evidence Tracker'!$M$7:$M$106,"<="&TODAY())=1),FALSE))),0,IFERROR(INDEX('Risk Register'!$M$7:$M$106,MATCH('Remediation Tracker'!F82,'Risk Register'!$E$7:$E$106,0)),0)*10000+IF(AND(ISNUMBER('Remediation Tracker'!K82),'Remediation Tracker'!K82<TODAY(),'Remediation Tracker'!J82<>"Completed"),1000,0)+107-ROW('Remediation Tracker'!E82)) -> 0
...

Sheet Risk Register
E5: GRC PROJECT 01 / TRAINING WORKSPACE / FOUR SIMULATED RISKS / EVIDENCE AND APPROVAL PENDING
E6: Risk ID | F6: Risk title | G6: Scenario fact / source | H6: Unverified assumptions | I6: Scope / asset | J6: Category | K6: Likelihood | L6: Impact | M6: Inherent score | N6: Inherent rating | O6: Proposed owner | P6: Treatment | Q6: Validation status | R6: Workflow status | S6: Evidence IDs | T6: Residual likelihood | U6: Residual impact | V6: Residual score | W6: Residual rating | X6: Assessment notes | Y6: Dashboard included
E7: R-001 | F7: Missing MFA | G7: Sentinel Defense Solutions' fictional case study identifies that some employees do not have multifactor authentication (MFA) enabled. Source: Project 01 fictional case study. The number of affected accounts and whether privileged accounts are included have not been established. | H7: The number and roles of accounts without MFA, identity provider configuration, MFA enforcement policies, exceptions, compensating controls, and historical authentication activity have not been verified. No account compromise or data breach has been established. | I7: Pending scope confirmation | J7: Identity and access | K7: 3 | L7: 4 | M7: =IF(E7="","",IF(OR(K7="",L7=""),"",IF(AND(ISNUMBER(K7),ISNUMBER(L7),K7>=1,K7<=5,L7>=1,L7<=5,MOD(K7,1)=0,MOD(L7,1)=0),K7*L7,"Invalid input"))) -> 12 | N7: =IF(M7="","",IFERROR(IF(AND(ISNUMBER('Scoring Methodology'!$F$16),ISNUMBER('Scoring Methodology'!$F$17),ISNUMBER('Scoring Methodology'!$F$18),'Scoring Methodology'!$F$16>=2,'Scoring Methodology'!$F$16<'Scoring Methodology'!$F$17,'Scoring Methodology'!$F$17<'Scoring Methodology'!$F$18,'Scoring Methodology'!$F$18<=25,MOD('Scoring Methodology'!$F$16,1)=0,MOD('Scoring Methodology'!$F$17,1)=0,MOD('Scoring Methodology'!$F$18,1)=0),IF(ISNUMBER(M7),IF(M7<'Scoring Methodology'!$F$16,"Low",IF(M7<'Scoring Methodology'!$F$17,"Moderate",IF(M7<'Scoring Methodology'!$F$18,"High","Critical"))),"Invalid input"),"Invalid thresholds"),"Invalid thresholds")) -> High | O7: Security owner - proposed | P7: Mitigate | Q7: Pending validation | R7: Proposed | S7: E-001 | V7: =IF(E7="","",IF(OR(T7="",U7=""),"",IF(AND(ISNUMBER(T7),ISNUMBER(U7),T7>=1,T7<=5,U7>=1,U7<=5,MOD(T7,1)=0,MOD(U7,1)=0),T7*U7,"Invalid input"))) | W7: =IF(V7="","",IFERROR(IF(AND(ISNUMBER('Scoring Methodology'!$F$16),ISNUMBER('Scoring Methodology'!$F$17),ISNUMBER('Scoring Methodology'!$F$18),'Scoring Methodology'!$F$16>=2,'Scoring Methodology'!$F$16<'Scoring Methodology'!$F$17,'Scoring Methodology'!$F$17<'Scoring Methodology'!$F$18,'Scoring Methodology'!$F$18<=25,MOD('Scoring Methodology'!$F$16,1)=0,MOD('Scoring Methodology'!$F$17,1)=0,MOD('Scoring Methodology'!$F$18,1)=0),IF(ISNUMBER(V7),IF(V7<'Scoring Methodology'!$F$16,"Low",IF(V7<'Scoring Methodology'!$F$17,"Moderate",IF(V7<'Scoring Methodology'!$F$18,"High","Critical"))),"Invalid input"),"Invalid thresholds"),"Invalid thresholds")) | X7: =IF(E7="","",IF(AND(ISNUMBER(M7),OR(N7="Low",N7="Moderate",N7="High",N7="Critical")),"Provisional assessment: Likelihood "&K7&"/5 ("&INDEX('Scoring Methodology'!$F$9:$F$13,K7)&") and Impact "&L7&"/5 ("&INDEX('Scoring Methodology'!$G$9:$G$13,L7)&"), resulting in a "&N7&" risk score of "&M7&"/25. ","Provisional assessment: score unavailable; check likelihood, impact and scoring thresholds. ")&_xlfn._LONGTEXT("Inconsistent MFA enforcement increases the possibility of unauthorized account access if credentials are compromised. Potential consequences include exposure of sensitive records, operational disruption, and contractual or financial impacts. Recommend enf","orcing MFA across applicable accounts, prioritizing privileged access, reviewing approved exceptions, and monitoring authentication activity. Validate through identity-provider configurations, account-level MFA coverage reports, exception records, and rel","evant authentication logs. No compromise or confirmed control failure beyond the stated MFA gap has been established.")) -> Provisional assessment: Likelihood 3/5 (Possible) and Impact 4/5 (Major), resulting in a High risk score of 12/25. Inconsistent MFA enforcement increases the possibility of unauthorized account access if credentials are compromised. Potential consequences include exposure of sensitive records, operational disruption, and contractual or financial impacts. Recommend enforcing MFA across applicable accounts, prioritizing privileged access, reviewing approved exceptions, and monitoring authentication activity. Validate through identity-provider configurations, account-level MFA coverage reports, exception records, and relevant authentication logs. No compromise or confirmed control failure beyond the stated MFA gap has been established. | Y7: =IF(E7="",0,IF(AND(OR(Dashboard!$L$7="All",Q7=Dashboard!$L$7),OR(Dashboard!$T$7="All",N7=Dashboard!$T$7)),1,0)) -> 1
E8: R-002 | F8: Excessive Access Permissions | G8: Sentinel Defense Solutions' fictional case scenario identifies concerns that some employees may have access to files beyond their assigned job responsibilities. Source: Project 01 fictional case study. | H8: The number of affected employees, specific file repositories, actual permission assignments, sensitivity of accessible records, effectiveness of existing access controls, and frequency of access reviews have not been verified. | I8: Proposed scope: file repositories containing customer records, employee PII, and contract documentation. Actual repositories, affected users, permission assignments, and data sensitivity require confirmation. | J8: Identity and access | K8: 3 | L8: 4 | M8: =IF(E8="","",IF(OR(K8="",L8=""),"",IF(AND(ISNUMBER(K8),ISNUMBER(L8),K8>=1,K8<=5,L8>=1,L8<=5,MOD(K8,1)=0,MOD(L8,1)=0),K8*L8,"Invalid input"))) -> 12 | N8: =IF(M8="","",IFERROR(IF(AND(ISNUMBER('Scoring Methodology'!$F$16),ISNUMBER('Scoring Methodology'!$F$17),ISNUMBER('Scoring Methodology'!$F$18),'Scoring Methodology'!$F$16>=2,'Scoring Methodology'!$F$16<'Scoring Methodology'!$F$17,'Scoring Methodology'!$F$17<'Scoring Methodology'!$F$18,'Scoring Methodology'!$F$18<=25,MOD('Scoring Methodology'!$F$16,1)=0,MOD('Scoring Methodology'!$F$17,1)=0,MOD('Scoring Methodology'!$F$18,1)=0),IF(ISNUMBER(M8),IF(M8<'Scoring Methodology'!$F$16,"Low",IF(M8<'Scoring Methodology'!$F$17,"Moderate",IF(M8<'Scoring Methodology'!$F$18,"High","Critical"))),"Invalid input"),"Invalid thresholds"),"Invalid thresholds")) -> High | O8: IT Security Manager - proposed | P8: Mitigate | Q8: Pending validation | R8: Proposed | S8: E-002 | V8: =IF(E8="","",IF(OR(T8="",U8=""),"",IF(AND(ISNUMBER(T8),ISNUMBER(U8),T8>=1,T8<=5,U8>=1,U8<=5,MOD(T8,1)=0,MOD(U8,1)=0),T8*U8,"Invalid input"))) | W8: =IF(V8="","",IFERROR(IF(AND(ISNUMBER('Scoring Methodology'!$F$16),ISNUMBER('Scoring Methodology'!$F$17),ISNUMBER('Scoring Methodology'!$F$18),'Scoring Methodology'!$F$16>=2,'Scoring Methodology'!$F$16<'Scoring Methodology'!$F$17,'Scoring Methodology'!$F$17<'Scoring Methodology'!$F$18,'Scoring Methodology'!$F$18<=25,MOD('Scoring Methodology'!$F$16,1)=0,MOD('Scoring Methodology'!$F$17,1)=0,MOD('Scoring Methodology'!$F$18,1)=0),IF(ISNUMBER(V8),IF(V8<'Scoring Methodology'!$F$16,"Low",IF(V8<'Scoring Methodology'!$F$17,"Moderate",IF(V8<'Scoring Methodology'!$F$18,"High","Critical"))),"Invalid input"),"Invalid thresholds"),"Invalid thresholds")) | X8: =IF(E8="","",IF(AND(ISNUMBER(M8),OR(N8="Low",N8="Moderate",N8="High",N8="Critical")),"Provisional assessment: Likelihood "&K8&"/5 ("&INDEX('Scoring Methodology'!$F$9:$F$13,K8)&") and Impact "&L8&"/5 ("&INDEX('Scoring Methodology'!$G$9:$G$13,L8)&"), resulting in a "&N8&" risk score of "&M8&"/25. ","Provisional assessment: score unavailable; check likelihood, impact and scoring thresholds. ")&_xlfn._LONGTEXT("Suspected excessive permissions could allow employees or compromised accounts to access, modify, or disclose sensitive information beyond legitimate business requirements. Recommend validating current permissions against documented job responsibilities, r","emoving unjustified access, enforcing least privilege, and establishing periodic access reviews. Request permission exports, role definitions, access approvals, group memberships, and prior review records. The extent of excessive access, effectiveness of ","existing controls, and any actual unauthorized disclosure remain unverified.")) -> Provisional assessment: Likelihood 3/5 (Possible) and Impact 4/5 (Major), resulting in a High risk score of 12/25. Suspected excessive permissions could allow employees or compromised accounts to access, modify, or disclose sensitive information beyond legitimate business requirements. Recommend validating current permissions against documented job responsibilities, removing unjustified access, enforcing least privilege, and establishing periodic access reviews. Request permission exports, role definitions, access approvals, group memberships, and prior review records. The extent of excessive access, effectiveness of existing controls, and any actual unauthorized disclosure remain unverified. | Y8: =IF(E8="",0,IF(AND(OR(Dashboard!$L$7="All",Q8=Dashboard!$L$7),OR(Dashboard!$T$7="All",N8=Dashboard!$T$7)),1,0)) -> 1
E9: R-003 | F9: Shared Administrator Accounts | G9: Sentinel Defense Solutions' fictional case study states that an external IT support vendor uses shared administrator accounts. Source: Project 01 fictional case study. The account privileges, number of users, affected systems, and existing safeguards have not been established. | H9: The number and identities of vendor personnel using shared administrator accounts, account privileges, affected systems, MFA enforcement, credential-management practices, activity attribution, access approvals, and existing monitoring controls have not been verified. No account compromise, misuse, or security incident has been established. | I9: Proposed scope: shared vendor administrator accounts, systems managed by the external IT provider, and information accessible through those systems. Actual access scope and data sensitivity require confirmation. | J9: Identity and access | K9: 3 | L9: 4 | M9: =IF(E9="","",IF(OR(K9="",L9=""),"",IF(AND(ISNUMBER(K9),ISNUMBER(L9),K9>=1,K9<=5,L9>=1,L9<=5,MOD(K9,1)=0,MOD(L9,1)=0),K9*L9,"Invalid input"))) -> 12 | N9: =IF(M9="","",IFERROR(IF(AND(ISNUMBER('Scoring Methodology'!$F$16),ISNUMBER('Scoring Methodology'!$F$17),ISNUMBER('Scoring Methodology'!$F$18),'Scoring Methodology'!$F$16>=2,'Scoring Methodology'!$F$16<'Scoring Methodology'!$F$17,'Scoring Methodology'!$F$17<'Scoring Methodology'!$F$18,'Scoring Methodology'!$F$18<=25,MOD('Scoring Methodology'!$F$16,1)=0,MOD('Scoring Methodology'!$F$17,1)=0,MOD('Scoring Methodology'!$F$18,1)=0),IF(ISNUMBER(M9),IF(M9<'Scoring Methodology'!$F$16,"Low",IF(M9<'Scoring Methodology'!$F$17,"Moderate",IF(M9<'Scoring Methodology'!$F$18,"High","Critical"))),"Invalid input"),"Invalid thresholds"),"Invalid thresholds")) -> High | O9: IT Security Manager - Proposed | P9: Mitigate | Q9: Pending validation | R9: Proposed | S9: E-003 | V9: =IF(E9="","",IF(OR(T9="",U9=""),"",IF(AND(ISNUMBER(T9),ISNUMBER(U9),T9>=1,T9<=5,U9>=1,U9<=5,MOD(T9,1)=0,MOD(U9,1)=0),T9*U9,"Invalid input"))) | W9: =IF(V9="","",IFERROR(IF(AND(ISNUMBER('Scoring Methodology'!$F$16),ISNUMBER('Scoring Methodology'!$F$17),ISNUMBER('Scoring Methodology'!$F$18),'Scoring Methodology'!$F$16>=2,'Scoring Methodology'!$F$16<'Scoring Methodology'!$F$17,'Scoring Methodology'!$F$17<'Scoring Methodology'!$F$18,'Scoring Methodology'!$F$18<=25,MOD('Scoring Methodology'!$F$16,1)=0,MOD('Scoring Methodology'!$F$17,1)=0,MOD('Scoring Methodology'!$F$18,1)=0),IF(ISNUMBER(V9),IF(V9<'Scoring Methodology'!$F$16,"Low",IF(V9<'Scoring Methodology'!$F$17,"Moderate",IF(V9<'Scoring Methodology'!$F$18,"High","Critical"))),"Invalid input"),"Invalid thresholds"),"Invalid thresholds")) | X9: =IF(E9="","",IF(AND(ISNUMBER(M9),OR(N9="Low",N9="Moderate",N9="High",N9="Critical")),"Provisional assessment: Likelihood "&K9&"/5 ("&INDEX('Scoring Methodology'!$F$9:$F$13,K9)&") and Impact "&L9&"/5 ("&INDEX('Scoring Methodology'!$G$9:$G$13,L9)&"), resulting in a "&N9&" risk score of "&M9&"/25. ","Provisional assessment: score unavailable; check likelihood, impact and scoring thresholds. ")&_xlfn._LONGTEXT("Shared administrator accounts used by an external IT support vendor may reduce individual accountability and complicate access revocation. Unauthorized use or compromise of privileged credentials could result in system changes, disclosure of accessible in","formation, or operational disruption. Recommend confirming account scope and authorized users, replacing shared access with individually attributable privileged identities where feasible, enforcing appropriate MFA and least privilege, and reviewing privil","eged activity monitoring. Validate using privileged-account inventories, vendor access approvals, account permissions, MFA configurations, and dated administrative activity records. No unauthorized activity or incident has been established.")) -> Provisional assessment: Likelihood 3/5 (Possible) and Impact 4/5 (Major), resulting in a High risk score of 12/25. Shared administrator accounts used by an external IT support vendor may reduce individual accountability and complicate access revocation. Unauthorized use or compromise of privileged credentials could result in system changes, disclosure of accessible information, or operational disruption. Recommend confirming account scope and authorized users, replacing shared access with individually attributable privileged identities where feasible, enforcing appropriate MFA and least privilege, and reviewing privileged activity monitoring. Validate using privileged-account inventories, vendor access approvals, account permissions, MFA configurations, and dated administrative activity records. No unauthorized activity or incident has been established. | Y9: =IF(E9="",0,IF(AND(OR(Dashboard!$L$7="All",Q9=Dashboard!$L$7),OR(Dashboard!$T$7="All",N9=Dashboard!$T$7)),1,0)) -> 1
E10: R-004 | F10: Missing Formal Cybersecurity Risk Register | G10: Sentinel Defense Solutions' fictional case study states that the organization does not have a documented cybersecurity risk register. Source: Project 01 fictional case study. The existence and effectiveness of other risk management activities have not been established. | H10: Existing risk identification practices, departmental risk records, risk ownership assignments, assessment methodology, review frequency, escalation procedures, management reporting, treatment approvals, and risk acceptance authority have not been verified. The duration of the documented-register gap and any resulting incidents or losses are unknown. | I10: Enterprise cybersecurity risk identification, assessment, ownership, prioritization, treatment tracking, escalation, and leadership reporting across Sentinel operations and relevant third-party relationships. Actual process coverage and existing safeguards require confirmation. | J10: Governance | K10: 3 | L10: 4 | M10: =IF(E10="","",IF(OR(K10="",L10=""),"",IF(AND(ISNUMBER(K10),ISNUMBER(L10),K10>=1,K10<=5,L10>=1,L10<=5,MOD(K10,1)=0,MOD(L10,1)=0),K10*L10,"Invalid input"))) -> 12 | N10: =IF(M10="","",IFERROR(IF(AND(ISNUMBER('Scoring Methodology'!$F$16),ISNUMBER('Scoring Methodology'!$F$17),ISNUMBER('Scoring Methodology'!$F$18),'Scoring Methodology'!$F$16>=2,'Scoring Methodology'!$F$16<'Scoring Methodology'!$F$17,'Scoring Methodology'!$F$17<'Scoring Methodology'!$F$18,'Scoring Methodology'!$F$18<=25,MOD('Scoring Methodology'!$F$16,1)=0,MOD('Scoring Methodology'!$F$17,1)=0,MOD('Scoring Methodology'!$F$18,1)=0),IF(ISNUMBER(M10),IF(M10<'Scoring Methodology'!$F$16,"Low",IF(M10<'Scoring Methodology'!$F$17,"Moderate",IF(M10<'Scoring Methodology'!$F$18,"High","Critical"))),"Invalid input"),"Invalid thresholds"),"Invalid thresholds")) -> High | O10: IT Security Manager - Proposed | P10: Mitigate | Q10: Pending validation | R10: Proposed | S10: E-004 | V10: =IF(E10="","",IF(OR(T10="",U10=""),"",IF(AND(ISNUMBER(T10),ISNUMBER(U10),T10>=1,T10<=5,U10>=1,U10<=5,MOD(T10,1)=0,MOD(U10,1)=0),T10*U10,"Invalid input"))) | W10: =IF(V10="","",IFERROR(IF(AND(ISNUMBER('Scoring Methodology'!$F$16),ISNUMBER('Scoring Methodology'!$F$17),ISNUMBER('Scoring Methodology'!$F$18),'Scoring Methodology'!$F$16>=2,'Scoring Methodology'!$F$16<'Scoring Methodology'!$F$17,'Scoring Methodology'!$F$17<'Scoring Methodology'!$F$18,'Scoring Methodology'!$F$18<=25,MOD('Scoring Methodology'!$F$16,1)=0,MOD('Scoring Methodology'!$F$17,1)=0,MOD('Scoring Methodology'!$F$18,1)=0),IF(ISNUMBER(V10),IF(V10<'Scoring Methodology'!$F$16,"Low",IF(V10<'Scoring Methodology'!$F$17,"Moderate",IF(V10<'Scoring Methodology'!$F$18,"High","Critical"))),"Invalid input"),"Invalid thresholds"),"Invalid thresholds")) | X10: =IF(E10="","",IF(AND(ISNUMBER(M10),OR(N10="Low",N10="Moderate",N10="High",N10="Critical")),"Provisional assessment: Likelihood "&K10&"/5 ("&INDEX('Scoring Methodology'!$F$9:$F$13,K10)&") and Impact "&L10&"/5 ("&INDEX('Scoring Methodology'!$G$9:$G$13,L10)&"), resulting in a "&N10&" risk score of "&M10&"/25. ","Provisional assessment: score unavailable; check likelihood, impact and scoring thresholds. ")&_xlfn._LONGTEXT("The absence of a documented cybersecurity risk register may limit consistent identification, prioritization, ownership, escalation, and monitoring of cybersecurity risks. A material risk could consequently be overlooked or addressed late, potentially cont","ributing to operational disruption, financial loss, or contractual consequences. Recommend establishing a formal enterprise cybersecurity risk register supported by documented assessment criteria, assigned risk owners, treatment decisions, periodic review","s, escalation thresholds, and management reporting. Validate through existing policies, risk records, leadership meeting records, assigned responsibilities, and evidence of risk review and escalation practices. Other governance processes, actual consequen","ces, and control effectiveness remain unverified.")) -> Provisional assessment: Likelihood 3/5 (Possible) and Impact 4/5 (Major), resulting in a High risk score of 12/25. The absence of a documented cybersecurity risk register may limit consistent identification, prioritization, ownership, escalation, and monitoring of cybersecurity risks. A material risk could consequently be overlooked or addressed late, potentially contributing to operational disruption, financial loss, or contractual consequences. Recommend establishing a formal enterprise cybersecurity risk register supported by documented assessment criteria, assigned risk owners, treatment decisions, periodic reviews, escalation thresholds, and management reporting. Validate through existing policies, risk records, leadership meeting records, assigned responsibilities, and evidence of risk review and escalation practices. Other governance processes, actual consequences, and control effectiveness remain unverified. | Y10: =IF(E10="",0,IF(AND(OR(Dashboard!$L$7="All",Q10=Dashboard!$L$7),OR(Dashboard!$T$7="All",N10=Dashboard!$T$7)),1,0)) -> 1
M11: =IF(E11="","",IF(OR(K11="",L11=""),"",IF(AND(ISNUMBER(K11),ISNUMBER(L11),K11>=1,K11<=5,L11>=1,L11<=5,MOD(K11,1)=0,MOD(L11,1)=0),K11*L11,"Invalid input"))) | N11: =IF(M11="","",IFERROR(IF(AND(ISNUMBER('Scoring Methodology'!$F$16),ISNUMBER('Scoring Methodology'!$F$17),ISNUMBER('Scoring Methodology'!$F$18),'Scoring Methodology'!$F$16>=2,'Scoring Methodology'!$F$16<'Scoring Methodology'!$F$17,'Scoring Methodology'!$F$17<'Scoring Methodology'!$F$18,'Scoring Methodology'!$F$18<=25,MOD('Scoring Methodology'!$F$16,1)=0,MOD('Scoring Methodology'!$F$17,1)=0,MOD('Scoring Methodology'!$F$18,1)=0),IF(ISNUMBER(M11),IF(M11<'Scoring Methodology'!$F$16,"Low",IF(M11<'Scoring Methodology'!$F$17,"Moderate",IF(M11<'Scoring Methodology'!$F$18,"High","Critical"))),"Invalid input"),"Invalid thresholds"),"Invalid thresholds")) | V11: =IF(E11="","",IF(OR(T11="",U11=""),"",IF(AND(ISNUMBER(T11),ISNUMBER(U11),T11>=1,T11<=5,U11>=1,U11<=5,MOD(T11,1)=0,MOD(U11,1)=0),T11*U11,"Invalid input"))) | W11: =IF(V11="","",IFERROR(IF(AND(ISNUMBER('Scoring Methodology'!$F$16),ISNUMBER('Scoring Methodology'!$F$17),ISNUMBER('Scoring Methodology'!$F$18),'Scoring Methodology'!$F$16>=2,'Scoring Methodology'!$F$16<'Scoring Methodology'!$F$17,'Scoring Methodology'!$F$17<'Scoring Methodology'!$F$18,'Scoring Methodology'!$F$18<=25,MOD('Scoring Methodology'!$F$16,1)=0,MOD('Scoring Methodology'!$F$17,1)=0,MOD('Scoring Methodology'!$F$18,1)=0),IF(ISNUMBER(V11),IF(V11<'Scoring Methodology'!$F$16,"Low",IF(V11<'Scoring Methodology'!$F$17,"Moderate",IF(V11<'Scoring Methodology'!$F$18,"High","Critical"))),"Invalid input"),"Invalid thresholds"),"Invalid thresholds")) | Y11: =IF(E11="",0,IF(AND(OR(Dashboard!$L$7="All",Q11=Dashboard!$L$7),OR(Dashboard!$T$7="All",N11=Dashboard!$T$7)),1,0)) -> 0
M12: =IF(E12="","",IF(OR(K12="",L12=""),"",IF(AND(ISNUMBER(K12),ISNUMBER(L12),K12>=1,K12<=5,L12>=1,L12<=5,MOD(K12,1)=0,MOD(L12,1)=0),K12*L12,"Invalid input"))) | N12: =IF(M12="","",IFERROR(IF(AND(ISNUMBER('Scoring Methodology'!$F$16),ISNUMBER('Scoring Methodology'!$F$17),ISNUMBER('Scoring Methodology'!$F$18),'Scoring Methodology'!$F$16>=2,'Scoring Methodology'!$F$16<'Scoring Methodology'!$F$17,'Scoring Methodology'!$F$17<'Scoring Methodology'!$F$18,'Scoring Methodology'!$F$18<=25,MOD('Scoring Methodology'!$F$16,1)=0,MOD('Scoring Methodology'!$F$17,1)=0,MOD('Scoring Methodology'!$F$18,1)=0),IF(ISNUMBER(M12),IF(M12<'Scoring Methodology'!$F$16,"Low",IF(M12<'Scoring Methodology'!$F$17,"Moderate",IF(M12<'Scoring Methodology'!$F$18,"High","Critical"))),"Invalid input"),"Invalid thresholds"),"Invalid thresholds")) | V12: =IF(E12="","",IF(OR(T12="",U12=""),"",IF(AND(ISNUMBER(T12),ISNUMBER(U12),T12>=1,T12<=5,U12>=1,U12<=5,MOD(T12,1)=0,MOD(U12,1)=0),T12*U12,"Invalid input"))) | W12: =IF(V12="","",IFERROR(IF(AND(ISNUMBER('Scoring Methodology'!$F$16),ISNUMBER('Scoring Methodology'!$F$17),ISNUMBER('Scoring Methodology'!$F$18),'Scoring Methodology'!$F$16>=2,'Scoring Methodology'!$F$16<'Scoring Methodology'!$F$17,'Scoring Methodology'!$F$17<'Scoring Methodology'!$F$18,'Scoring Methodology'!$F$18<=25,MOD('Scoring Methodology'!$F$16,1)=0,MOD('Scoring Methodology'!$F$17,1)=0,MOD('Scoring Methodology'!$F$18,1)=0),IF(ISNUMBER(V12),IF(V12<'Scoring Methodology'!$F$16,"Low",IF(V12<'Scoring Methodology'!$F$17,"Moderate",IF(V12<'Scoring Methodology'!$F$18,"High","Critical"))),"Invalid input"),"Invalid thresholds"),"Invalid thresholds")) | Y12: =IF(E12="",0,IF(AND(OR(Dashboard!$L$7="All",Q12=Dashboard!$L$7),OR(Dashboard!$T$7="All",N12=Dashboard!$T$7)),1,0)) -> 0
M13: =IF(E13="","",IF(OR(K13="",L13=""),"",IF(AND(ISNUMBER(K13),ISNUMBER(L13),K13>=1,K13<=5,L13>=1,L13<=5,MOD(K13,1)=0,MOD(L13,1)=0),K13*L13,"Invalid input"))) | N13: =IF(M13="","",IFERROR(IF(AND(ISNUMBER('Scoring Methodology'!$F$16),ISNUMBER('Scoring Methodology'!$F$17),ISNUMBER('Scoring Methodology'!$F$18),'Scoring Methodology'!$F$16>=2,'Scoring Methodology'!$F$16<'Scoring Methodology'!$F$17,'Scoring Methodology'!$F$17<'Scoring Methodology'!$F$18,'Scoring Methodology'!$F$18<=25,MOD('Scoring Methodology'!$F$16,1)=0,MOD('Scoring Methodology'!$F$17,1)=0,MOD('Scoring Methodology'!$F$18,1)=0),IF(ISNUMBER(M13),IF(M13<'Scoring Methodology'!$F$16,"Low",IF(M13<'Scoring Methodology'!$F$17,"Moderate",IF(M13<'Scoring Methodology'!$F$18,"High","Critical"))),"Invalid input"),"Invalid thresholds"),"Invalid thresholds")) | V13: =IF(E13="","",IF(OR(T13="",U13=""),"",IF(AND(ISNUMBER(T13),ISNUMBER(U13),T13>=1,T13<=5,U13>=1,U13<=5,MOD(T13,1)=0,MOD(U13,1)=0),T13*U13,"Invalid input"))) | W13: =IF(V13="","",IFERROR(IF(AND(ISNUMBER('Scoring Methodology'!$F$16),ISNUMBER('Scoring Methodology'!$F$17),ISNUMBER('Scoring Methodology'!$F$18),'Scoring Methodology'!$F$16>=2,'Scoring Methodology'!$F$16<'Scoring Methodology'!$F$17,'Scoring Methodology'!$F$17<'Scoring Methodology'!$F$18,'Scoring Methodology'!$F$18<=25,MOD('Scoring Methodology'!$F$16,1)=0,MOD('Scoring Methodology'!$F$17,1)=0,MOD('Scoring Methodology'!$F$18,1)=0),IF(ISNUMBER(V13),IF(V13<'Scoring Methodology'!$F$16,"Low",IF(V13<'Scoring Methodology'!$F$17,"Moderate",IF(V13<'Scoring Methodology'!$F$18,"High","Critical"))),"Invalid input"),"Invalid thresholds"),"Invalid thresholds")) | Y13: =IF(E13="",0,IF(AND(OR(Dashboard!$L$7="All",Q13=Dashboard!$L$7),OR(Dashboard!$T$7="All",N13=Dashboard!$T$7)),1,0)) -> 0
M14: =IF(E14="","",IF(OR(K14="",L14=""),"",IF(AND(ISNUMBER(K14),ISNUMBER(L14),K14>=1,K14<=5,L14>=1,L14<=5,MOD(K14,1)=0,MOD(L14,1)=0),K14*L14,"Invalid input"))) | N14: =IF(M14="","",IFERROR(IF(AND(ISNUMBER('Scoring Methodology'!$F$16),ISNUMBER('Scoring Methodology'!$F$17),ISNUMBER('Scoring Methodology'!$F$18),'Scoring Methodology'!$F$16>=2,'Scoring Methodology'!$F$16<'Scoring Methodology'!$F$17,'Scoring Methodology'!$F$17<'Scoring Methodology'!$F$18,'Scoring Methodology'!$F$18<=25,MOD('Scoring Methodology'!$F$16,1)=0,MOD('Scoring Methodology'!$F$17,1)=0,MOD('Scoring Methodology'!$F$18,1)=0),IF(ISNUMBER(M14),IF(M14<'Scoring Methodology'!$F$16,"Low",IF(M14<'Scoring Methodology'!$F$17,"Moderate",IF(M14<'Scoring Methodology'!$F$18,"High","Critical"))),"Invalid input"),"Invalid thresholds"),"Invalid thresholds")) | V14: =IF(E14="","",IF(OR(T14="",U14=""),"",IF(AND(ISNUMBER(T14),ISNUMBER(U14),T14>=1,T14<=5,U14>=1,U14<=5,MOD(T14,1)=0,MOD(U14,1)=0),T14*U14,"Invalid input"))) | W14: =IF(V14="","",IFERROR(IF(AND(ISNUMBER('Scoring Methodology'!$F$16),ISNUMBER('Scoring Methodology'!$F$17),ISNUMBER('Scoring Methodology'!$F$18),'Scoring Methodology'!$F$16>=2,'Scoring Methodology'!$F$16<'Scoring Methodology'!$F$17,'Scoring Methodology'!$F$17<'Scoring Methodology'!$F$18,'Scoring Methodology'!$F$18<=25,MOD('Scoring Methodology'!$F$16,1)=0,MOD('Scoring Methodology'!$F$17,1)=0,MOD('Scoring Methodology'!$F$18,1)=0),IF(ISNUMBER(V14),IF(V14<'Scoring Methodology'!$F$16,"Low",IF(V14<'Scoring Methodology'!$F$17,"Moderate",IF(V14<'Scoring Methodology'!$F$18,"High","Critical"))),"Invalid input"),"Invalid thresholds"),"Invalid thresholds")) | Y14: =IF(E14="",0,IF(AND(OR(Dashboard!$L$7="All",Q14=Dashboard!$L$7),OR(Dashboard!$T$7="All",N14=Dashboard!$T$7)),1,0)) -> 0
M15: =IF(E15="","",IF(OR(K15="",L15=""),"",IF(AND(ISNUMBER(K15),ISNUMBER(L15),K15>=1,K15<=5,L15>=1,L15<=5,MOD(K15,1)=0,MOD(L15,1)=0),K15*L15,"Invalid input"))) | N15: =IF(M15="","",IFERROR(IF(AND(ISNUMBER('Scoring Methodology'!$F$16),ISNUMBER('Scoring Methodology'!$F$17),ISNUMBER('Scoring Methodology'!$F$18),'Scoring Methodology'!$F$16>=2,'Scoring Methodology'!$F$16<'Scoring Methodology'!$F$17,'Scoring Methodology'!$F$17<'Scoring Methodology'!$F$18,'Scoring Methodology'!$F$18<=25,MOD('Scoring Methodology'!$F$16,1)=0,MOD('Scoring Methodology'!$F$17,1)=0,MOD('Scoring Methodology'!$F$18,1)=0),IF(ISNUMBER(M15),IF(M15<'Scoring Methodology'!$F$16,"Low",IF(M15<'Scoring Methodology'!$F$17,"Moderate",IF(M15<'Scoring Methodology'!$F$18,"High","Critical"))),"Invalid input"),"Invalid thresholds"),"Invalid thresholds")) | V15: =IF(E15="","",IF(OR(T15="",U15=""),"",IF(AND(ISNUMBER(T15),ISNUMBER(U15),T15>=1,T15<=5,U15>=1,U15<=5,MOD(T15,1)=0,MOD(U15,1)=0),T15*U15,"Invalid input"))) | W15: =IF(V15="","",IFERROR(IF(AND(ISNUMBER('Scoring Methodology'!$F$16),ISNUMBER('Scoring Methodology'!$F$17),ISNUMBER('Scoring Methodology'!$F$18),'Scoring Methodology'!$F$16>=2,'Scoring Methodology'!$F$16<'Scoring Methodology'!$F$17,'Scoring Methodology'!$F$17<'Scoring Methodology'!$F$18,'Scoring Methodology'!$F$18<=25,MOD('Scoring Methodology'!$F$16,1)=0,MOD('Scoring Methodology'!$F$17,1)=0,MOD('Scoring Methodology'!$F$18,1)=0),IF(ISNUMBER(V15),IF(V15<'Scoring Methodology'!$F$16,"Low",IF(V15<'Scoring Methodology'!$F$17,"Moderate",IF(V15<'Scoring Methodology'!$F$18,"High","Critical"))),"Invalid input"),"Invalid thresholds"),"Invalid thresholds")) | Y15: =IF(E15="",0,IF(AND(OR(Dashboard!$L$7="All",Q15=Dashboard!$L$7),OR(Dashboard!$T$7="All",N15=Dashboard!$T$7)),1,0)) -> 0
M16: =IF(E16="","",IF(OR(K16="",L16=""),"",IF(AND(ISNUMBER(K16),ISNUMBER(L16),K16>=1,K16<=5,L16>=1,L16<=5,MOD(K16,1)=0,MOD(L16,1)=0),K16*L16,"Invalid input"))) | N16: =IF(M16="","",IFERROR(IF(AND(ISNUMBER('Scoring Methodology'!$F$16),ISNUMBER('Scoring Methodology'!$F$17),ISNUMBER('Scoring Methodology'!$F$18),'Scoring Methodology'!$F$16>=2,'Scoring Methodology'!$F$16<'Scoring Methodology'!$F$17,'Scoring Methodology'!$F$17<'Scoring Methodology'!$F$18,'Scoring Methodology'!$F$18<=25,MOD('Scoring Methodology'!$F$16,1)=0,MOD('Scoring Methodology'!$F$17,1)=0,MOD('Scoring Methodology'!$F$18,1)=0),IF(ISNUMBER(M16),IF(M16<'Scoring Methodology'!$F$16,"Low",IF(M16<'Scoring Methodology'!$F$17,"Moderate",IF(M16<'Scoring Methodology'!$F$18,"High","Critical"))),"Invalid input"),"Invalid thresholds"),"Invalid thresholds")) | V16: =IF(E16="","",IF(OR(T16="",U16=""),"",IF(AND(ISNUMBER(T16),ISNUMBER(U16),T16>=1,T16<=5,U16>=1,U16<=5,MOD(T16,1)=0,MOD(U16,1)=0),T16*U16,"Invalid input"))) | W16: =IF(V16="","",IFERROR(IF(AND(ISNUMBER('Scoring Methodology'!$F$16),ISNUMBER('Scoring Methodology'!$F$17),ISNUMBER('Scoring Methodology'!$F$18),'Scoring Methodology'!$F$16>=2,'Scoring Methodology'!$F$16<'Scoring Methodology'!$F$17,'Scoring Methodology'!$F$17<'Scoring Methodology'!$F$18,'Scoring Methodology'!$F$18<=25,MOD('Scoring Methodology'!$F$16,1)=0,MOD('Scoring Methodology'!$F$17,1)=0,MOD('Scoring Methodology'!$F$18,1)=0),IF(ISNUMBER(V16),IF(V16<'Scoring Methodology'!$F$16,"Low",IF(V16<'Scoring Methodology'!$F$17,"Moderate",IF(V16<'Scoring Methodology'!$F$18,"High","Critical"))),"Invalid input"),"Invalid thresholds"),"Invalid thresholds")) | Y16: =IF(E16="",0,IF(AND(OR(Dashboard!$L$7="All",Q16=Dashboard!$L$7),OR(Dashboard!$T$7="All",N16=Dashboard!$T$7)),1,0)) -> 0
M17: =IF(E17="","",IF(OR(K17="",L17=""),"",IF(AND(ISNUMBER(K17),ISNUMBER(L17),K17>=1,K17<=5,L17>=1,L17<=5,MOD(K17,1)=0,MOD(L17,1)=0),K17*L17,"Invalid input"))) | N17: =IF(M17="","",IFERROR(IF(AND(ISNUMBER('Scoring Methodology'!$F$16),ISNUMBER('Scoring Methodology'!$F$17),ISNUMBER('Scoring Methodology'!$F$18),'Scoring Methodology'!$F$16>=2,'Scoring Methodology'!$F$16<'Scoring Methodology'!$F$17,'Scoring Methodology'!$F$17<'Scoring Methodology'!$F$18,'Scoring Methodology'!$F$18<=25,MOD('Scoring Methodology'!$F$16,1)=0,MOD('Scoring Methodology'!$F$17,1)=0,MOD('Scoring Methodology'!$F$18,1)=0),IF(ISNUMBER(M17),IF(M17<'Scoring Methodology'!$F$16,"Low",IF(M17<'Scoring Methodology'!$F$17,"Moderate",IF(M17<'Scoring Methodology'!$F$18,"High","Critical"))),"Invalid input"),"Invalid thresholds"),"Invalid thresholds")) | V17: =IF(E17="","",IF(OR(T17="",U17=""),"",IF(AND(ISNUMBER(T17),ISNUMBER(U17),T17>=1,T17<=5,U17>=1,U17<=5,MOD(T17,1)=0,MOD(U17,1)=0),T17*U17,"Invalid input"))) | W17: =IF(V17="","",IFERROR(IF(AND(ISNUMBER('Scoring Methodology'!$F$16),ISNUMBER('Scoring Methodology'!$F$17),ISNUMBER('Scoring Methodology'!$F$18),'Scoring Methodology'!$F$16>=2,'Scoring Methodology'!$F$16<'Scoring Methodology'!$F$17,'Scoring Methodology'!$F$17<'Scoring Methodology'!$F$18,'Scoring Methodology'!$F$18<=25,MOD('Scoring Methodology'!$F$16,1)=0,MOD('Scoring Methodology'!$F$17,1)=0,MOD('Scoring Methodology'!$F$18,1)=0),IF(ISNUMBER(V17),IF(V17<'Scoring Methodology'!$F$16,"Low",IF(V17<'Scoring Methodology'!$F$17,"Moderate",IF(V17<'Scoring Methodology'!$F$18,"High","Critical"))),"Invalid input"),"Invalid thresholds"),"Invalid thresholds")) | Y17: =IF(E17="",0,IF(AND(OR(Dashboard!$L$7="All",Q17=Dashboard!$L$7),OR(Dashboard!$T$7="All",N17=Dashboard!$T$7)),1,0)) -> 0
M18: =IF(E18="","",IF(OR(K18="",L18=""),"",IF(AND(ISNUMBER(K18),ISNUMBER(L18),K18>=1,K18<=5,L18>=1,L18<=5,MOD(K18,1)=0,MOD(L18,1)=0),K18*L18,"Invalid input"))) | N18: =IF(M18="","",IFERROR(IF(AND(ISNUMBER('Scoring Methodology'!$F$16),ISNUMBER('Scoring Methodology'!$F$17),ISNUMBER('Scoring Methodology'!$F$18),'Scoring Methodology'!$F$16>=2,'Scoring Methodology'!$F$16<'Scoring Methodology'!$F$17,'Scoring Methodology'!$F$17<'Scoring Methodology'!$F$18,'Scoring Methodology'!$F$18<=25,MOD('Scoring Methodology'!$F$16,1)=0,MOD('Scoring Methodology'!$F$17,1)=0,MOD('Scoring Methodology'!$F$18,1)=0),IF(ISNUMBER(M18),IF(M18<'Scoring Methodology'!$F$16,"Low",IF(M18<'Scoring Methodology'!$F$17,"Moderate",IF(M18<'Scoring Methodology'!$F$18,"High","Critical"))),"Invalid input"),"Invalid thresholds"),"Invalid thresholds")) | V18: =IF(E18="","",IF(OR(T18="",U18=""),"",IF(AND(ISNUMBER(T18),ISNUMBER(U18),T18>=1,T18<=5,U18>=1,U18<=5,MOD(T18,1)=0,MOD(U18,1)=0),T18*U18,"Invalid input"))) | W18: =IF(V18="","",IFERROR(IF(AND(ISNUMBER('Scoring Methodology'!$F$16),ISNUMBER('Scoring Methodology'!$F$17),ISNUMBER('Scoring Methodology'!$F$18),'Scoring Methodology'!$F$16>=2,'Scoring Methodology'!$F$16<'Scoring Methodology'!$F$17,'Scoring Methodology'!$F$17<'Scoring Methodology'!$F$18,'Scoring Methodology'!$F$18<=25,MOD('Scoring Methodology'!$F$16,1)=0,MOD('Scoring Methodology'!$F$17,1)=0,MOD('Scoring Methodology'!$F$18,1)=0),IF(ISNUMBER(V18),IF(V18<'Scoring Methodology'!$F$16,"Low",IF(V18<'Scoring Methodology'!$F$17,"Moderate",IF(V18<'Scoring Methodology'!$F$18,"High","Critical"))),"Invalid input"),"Invalid thresholds"),"Invalid thresholds")) | Y18: =IF(E18="",0,IF(AND(OR(Dashboard!$L$7="All",Q18=Dashboard!$L$7),OR(Dashboard!$T$7="All",N18=Dashboard!$T$7)),1,0)) -> 0
M19: =IF(E19="","",IF(OR(K19="",L19=""),"",IF(AND(ISNUMBER(K19),ISNUMBER(L19),K19>=1,K19<=5,L19>=1,L19<=5,MOD(K19,1)=0,MOD(L19,1)=0),K19*L19,"Invalid input"))) | N19: =IF(M19="","",IFERROR(IF(AND(ISNUMBER('Scoring Methodology'!$F$16),ISNUMBER('Scoring Methodology'!$F$17),ISNUMBER('Scoring Methodology'!$F$18),'Scoring Methodology'!$F$16>=2,'Scoring Methodology'!$F$16<'Scoring Methodology'!$F$17,'Scoring Methodology'!$F$17<'Scoring Methodology'!$F$18,'Scoring Methodology'!$F$18<=25,MOD('Scoring Methodology'!$F$16,1)=0,MOD('Scoring Methodology'!$F$17,1)=0,MOD('Scoring Methodology'!$F$18,1)=0),IF(ISNUMBER(M19),IF(M19<'Scoring Methodology'!$F$16,"Low",IF(M19<'Scoring Methodology'!$F$17,"Moderate",IF(M19<'Scoring Methodology'!$F$18,"High","Critical"))),"Invalid input"),"Invalid thresholds"),"Invalid thresholds")) | V19: =IF(E19="","",IF(OR(T19="",U19=""),"",IF(AND(ISNUMBER(T19),ISNUMBER(U19),T19>=1,T19<=5,U19>=1,U19<=5,MOD(T19,1)=0,MOD(U19,1)=0),T19*U19,"Invalid input"))) | W19: =IF(V19="","",IFERROR(IF(AND(ISNUMBER('Scoring Methodology'!$F$16),ISNUMBER('Scoring Methodology'!$F$17),ISNUMBER('Scoring Methodology'!$F$18),'Scoring Methodology'!$F$16>=2,'Scoring Methodology'!$F$16<'Scoring Methodology'!$F$17,'Scoring Methodology'!$F$17<'Scoring Methodology'!$F$18,'Scoring Methodology'!$F$18<=25,MOD('Scoring Methodology'!$F$16,1)=0,MOD('Scoring Methodology'!$F$17,1)=0,MOD('Scoring Methodology'!$F$18,1)=0),IF(ISNUMBER(V19),IF(V19<'Scoring Methodology'!$F$16,"Low",IF(V19<'Scoring Methodology'!$F$17,"Moderate",IF(V19<'Scoring Methodology'!$F$18,"High","Critical"))),"Invalid input"),"Invalid thresholds"),"Invalid thresholds")) | Y19: =IF(E19="",0,IF(AND(OR(Dashboard!$L$7="All",Q19=Dashboard!$L$7),OR(Dashboard!$T$7="All",N19=Dashboard!$T$7)),1,0)) -> 0
M20: =IF(E20="","",IF(OR(K20="",L20=""),"",IF(AND(ISNUMBER(K20),ISNUMBER(L20),K20>=1,K20<=5,L20>=1,L20<=5,MOD(K20,1)=0,MOD(L20,1)=0),K20*L20,"Invalid input"))) | N20: =IF(M20="","",IFERROR(IF(AND(ISNUMBER('Scoring Methodology'!$F$16),ISNUMBER('Scoring Methodology'!$F$17),ISNUMBER('Scoring Methodology'!$F$18),'Scoring Methodology'!$F$16>=2,'Scoring Methodology'!$F$16<'Scoring Methodology'!$F$17,'Scoring Methodology'!$F$17<'Scoring Methodology'!$F$18,'Scoring Methodology'!$F$18<=25,MOD('Scoring Methodology'!$F$16,1)=0,MOD('Scoring Methodology'!$F$17,1)=0,MOD('Scoring Methodology'!$F$18,1)=0),IF(ISNUMBER(M20),IF(M20<'Scoring Methodology'!$F$16,"Low",IF(M20<'Scoring Methodology'!$F$17,"Moderate",IF(M20<'Scoring Methodology'!$F$18,"High","Critical"))),"Invalid input"),"Invalid thresholds"),"Invalid thresholds")) | V20: =IF(E20="","",IF(OR(T20="",U20=""),"",IF(AND(ISNUMBER(T20),ISNUMBER(U20),T20>=1,T20<=5,U20>=1,U20<=5,MOD(T20,1)=0,MOD(U20,1)=0),T20*U20,"Invalid input"))) | W20: =IF(V20="","",IFERROR(IF(AND(ISNUMBER('Scoring Methodology'!$F$16),ISNUMBER('Scoring Methodology'!$F$17),ISNUMBER('Scoring Methodology'!$F$18),'Scoring Methodology'!$F$16>=2,'Scoring Methodology'!$F$16<'Scoring Methodology'!$F$17,'Scoring Methodology'!$F$17<'Scoring Methodology'!$F$18,'Scoring Methodology'!$F$18<=25,MOD('Scoring Methodology'!$F$16,1)=0,MOD('Scoring Methodology'!$F$17,1)=0,MOD('Scoring Methodology'!$F$18,1)=0),IF(ISNUMBER(V20),IF(V20<'Scoring Methodology'!$F$16,"Low",IF(V20<'Scoring Methodology'!$F$17,"Moderate",IF(V20<'Scoring Methodology'!$F$18,"High","Critical"))),"Invalid input"),"Invalid thresholds"),"Invalid thresholds")) | Y20: =IF(E20="",0,IF(AND(OR(Dashboard!$L$7="All",Q20=Dashboard!$L$7),OR(Dashboard!$T$7="All",N20=Dashboard!$T$7)),1,0)) -> 0
M21: =IF(E21="","",IF(OR(K21="",L21=""),"",IF(AND(ISNUMBER(K21),ISNUMBER(L21),K21>=1,K21<=5,L21>=1,L21<=5,MOD(K21,1)=0,MOD(L21,1)=0),K21*L21,"Invalid input"))) | N21: =IF(M21="","",IFERROR(IF(AND(ISNUMBER('Scoring Methodology'!$F$16),ISNUMBER('Scoring Methodology'!$F$17),ISNUMBER('Scoring Methodology'!$F$18),'Scoring Methodology'!$F$16>=2,'Scoring Methodology'!$F$16<'Scoring Methodology'!$F$17,'Scoring Methodology'!$F$17<'Scoring Methodology'!$F$18,'Scoring Methodology'!$F$18<=25,MOD('Scoring Methodology'!$F$16,1)=0,MOD('Scoring Methodology'!$F$17,1)=0,MOD('Scoring Methodology'!$F$18,1)=0),IF(ISNUMBER(M21),IF(M21<'Scoring Methodology'!$F$16,"Low",IF(M21<'Scoring Methodology'!$F$17,"Moderate",IF(M21<'Scoring Methodology'!$F$18,"High","Critical"))),"Invalid input"),"Invalid thresholds"),"Invalid thresholds")) | V21: =IF(E21="","",IF(OR(T21="",U21=""),"",IF(AND(ISNUMBER(T21),ISNUMBER(U21),T21>=1,T21<=5,U21>=1,U21<=5,MOD(T21,1)=0,MOD(U21,1)=0),T21*U21,"Invalid input"))) | W21: =IF(V21="","",IFERROR(IF(AND(ISNUMBER('Scoring Methodology'!$F$16),ISNUMBER('Scoring Methodology'!$F$17),ISNUMBER('Scoring Methodology'!$F$18),'Scoring Methodology'!$F$16>=2,'Scoring Methodology'!$F$16<'Scoring Methodology'!$F$17,'Scoring Methodology'!$F$17<'Scoring Methodology'!$F$18,'Scoring Methodology'!$F$18<=25,MOD('Scoring Methodology'!$F$16,1)=0,MOD('Scoring Methodology'!$F$17,1)=0,MOD('Scoring Methodology'!$F$18,1)=0),IF(ISNUMBER(V21),IF(V21<'Scoring Methodology'!$F$16,"Low",IF(V21<'Scoring Methodology'!$F$17,"Moderate",IF(V21<'Scoring Methodology'!$F$18,"High","Critical"))),"Invalid input"),"Invalid thresholds"),"Invalid thresholds")) | Y21: =IF(E21="",0,IF(AND(OR(Dashboard!$L$7="All",Q21=Dashboard!$L$7),OR(Dashboard!$T$7="All",N21=Dashboard!$T$7)),1,0)) -> 0
M22: =IF(E22="","",IF(OR(K22="",L22=""),"",IF(AND(ISNUMBER(K22),ISNUMBER(L22),K22>=1,K22<=5,L22>=1,L22<=5,MOD(K22,1)=0,MOD(L22,1)=0),K22*L22,"Invalid input"))) | N22: =IF(M22="","",IFERROR(IF(AND(ISNUMBER('Scoring Methodology'!$F$16),ISNUMBER('Scoring Methodology'!$F$17),ISNUMBER('Scoring Methodology'!$F$18),'Scoring Methodology'!$F$16>=2,'Scoring Methodology'!$F$16<'Scoring Methodology'!$F$17,'Scoring Methodology'!$F$17<'Scoring Methodology'!$F$18,'Scoring Methodology'!$F$18<=25,MOD('Scoring Methodology'!$F$16,1)=0,MOD('Scoring Methodology'!$F$17,1)=0,MOD('Scoring Methodology'!$F$18,1)=0),IF(ISNUMBER(M22),IF(M22<'Scoring Methodology'!$F$16,"Low",IF(M22<'Scoring Methodology'!$F$17,"Moderate",IF(M22<'Scoring Methodology'!$F$18,"High","Critical"))),"Invalid input"),"Invalid thresholds"),"Invalid thresholds")) | V22: =IF(E22="","",IF(OR(T22="",U22=""),"",IF(AND(ISNUMBER(T22),ISNUMBER(U22),T22>=1,T22<=5,U22>=1,U22<=5,MOD(T22,1)=0,MOD(U22,1)=0),T22*U22,"Invalid input"))) | W22: =IF(V22="","",IFERROR(IF(AND(ISNUMBER('Scoring Methodology'!$F$16),ISNUMBER('Scoring Methodology'!$F$17),ISNUMBER('Scoring Methodology'!$F$18),'Scoring Methodology'!$F$16>=2,'Scoring Methodology'!$F$16<'Scoring Methodology'!$F$17,'Scoring Methodology'!$F$17<'Scoring Methodology'!$F$18,'Scoring Methodology'!$F$18<=25,MOD('Scoring Methodology'!$F$16,1)=0,MOD('Scoring Methodology'!$F$17,1)=0,MOD('Scoring Methodology'!$F$18,1)=0),IF(ISNUMBER(V22),IF(V22<'Scoring Methodology'!$F$16,"Low",IF(V22<'Scoring Methodology'!$F$17,"Moderate",IF(V22<'Scoring Methodology'!$F$18,"High","Critical"))),"Invalid input"),"Invalid thresholds"),"Invalid thresholds")) | Y22: =IF(E22="",0,IF(AND(OR(Dashboard!$L$7="All",Q22=Dashboard!$L$7),OR(Dashboard!$T$7="All",N22=Dashboard!$T$7)),1,0)) -> 0
... M106: =IF(E106="","",IF(OR(K106="",L106=""),"",IF(AND(ISNUMBER(K106),ISNUMBER(L106),K106>=1,K106<=5,L106>=1,L106<=5,MOD(K106,1)=0,MOD(L106,1)=0),K106*L106,"Invalid input"))) | N106: =IF(M106="","",IFERROR(IF(AND(ISNUMBER('Scoring Methodology'!$F$16),ISNUMBER('Scoring Methodology'!$F$17),ISNUMBER('Scoring Methodology'!$F$18),'Scoring Methodology'!$F$16>=2,'Scoring Methodology'!$F$16<'Scoring Methodology'!$F$17,'Scoring Methodology'!$F$17<'Scoring Methodology'!$F$18,'Scoring Methodology'!$F$18<=25,MOD('Scoring Methodology'!$F$16,1)=0,MOD('Scoring Methodology'!$F$17,1)=0,MOD('Scoring Methodology'!$F$18,1)=0),IF(ISNUMBER(M106),IF(M106<'Scoring Methodology'!$F$16,"Low",IF(M106<'Scoring Methodology'!$F$17,"Moderate",IF(M106<'Scoring Methodology'!$F$18,"High","Critical"))),"Invalid input"),"Invalid thresholds"),"Invalid thresholds")) | V106: =IF(E106="","",IF(OR(T106="",U106=""),"",IF(AND(ISNUMBER(T106),ISNUMBER(U106),T106>=1,T106<=5,U106>=1,U106<=5,MOD(T106,1)=0,MOD(U106,1)=0),T106*U106,"Invalid input"))) | W106: =IF(V106="","",IFERROR(IF(AND(ISNUMBER('Scoring Methodology'!$F$16),ISNUMBER('Scoring Methodology'!$F$17),ISNUMBER('Scoring Methodology'!$F$18),'Scoring Methodology'!$F$16>=2,'Scoring Methodology'!$F$16<'Scoring Methodology'!$F$17,'Scoring Methodology'!$F$17<'Scoring Methodology'!$F$18,'Scoring Methodology'!$F$18<=25,MOD('Scoring Methodology'!$F$16,1)=0,MOD('Scoring Methodology'!$F$17,1)=0,MOD('Scoring Methodology'!$F$18,1)=0),IF(ISNUMBER(V106),IF(V106<'Scoring Methodology'!$F$16,"Low",IF(V106<'Scoring Methodology'!$F$17,"Moderate",IF(V106<'Scoring Methodology'!$F$18,"High","Critical"))),"Invalid input"),"Invalid thresholds"),"Invalid thresholds")) | Y106: =IF(E106="",0,IF(AND(OR(Dashboard!$L$7="All",Q106=Dashboard!$L$7),OR(Dashboard!$T$7="All",N106=Dashboard!$T$7)),1,0)) -> 0

Sheet Control Assessment
E5: GRC PROJECT 01 / TRAINING WORKSPACE / CONTROL ASSESSMENT / EVIDENCE AND APPROVAL PENDING
E6: Control ID | F6: Risk ID | G6: Proposed control objective | H6: Design test plan | I6: Operating test plan | J6: Design result | K6: Operating result | L6: Evidence IDs | M6: Assessor | N6: Assessment date | O6: Validation status | P6: Facts / assumptions / notes
E7: C-001 | F7: R-001 | G7: Enforce MFA on all applicable employee and privileged accounts, with documented exceptions and approved compensating safeguards where necessary. | H7: Review the MFA policy, identity-provider configurations, enforcement scope, privileged-account requirements, exception register, and approved compensating safeguards. Determine whether the proposed design requires MFA for all applicable accounts and defines appropriate exception approval and review procedures. | I7: After confirming the assessment period and account population, select and document a sample covering employee, privileged, newly created, and exception accounts where applicable. Inspect dated authentication records and account-level configurations to verify MFA enforcement throughout the period. Check that exceptions were authorized and compensating safeguards operated as approved. Record results and exceptions against predefined criteria. | J7: Not assessed | K7: Not assessed | L7: E-001 | O7: Pending validation | P7: All control details and tests are proposals. No control failure or effectiveness conclusion has been validated.
E8: C-002 | F8: R-002 | G8: Restrict access to sensitive files according to approved job responsibilities and least-privilege principles. | H8: Review access-control policies, role definitions, approval workflows, and permission configurations to determine whether the proposed controls would restrict unnecessary access. | I8: After scope confirmation, sample employee accounts and sensitive folders. Compare actual permissions against approved roles and access requests; inspect dated access reviews and remediation records. | J8: Not assessed | K8: Not assessed | L8: E-002 | O8: Pending validation | P8: Proposed least-privilege control. Existing permission restrictions, approval processes, and review effectiveness have not been verified. No control test has been performed.
E9: C-003 | F9: R-003 | G9: Ensure external IT vendor administrators use individually attributable, approved privileged access with MFA, least-privilege permissions, and appropriate activity logging and monitoring. Shared administrator credentials should be eliminated where feasible or subject to documented, approved safeguards. | H9: Review the vendor access policy, privileged-account inventory, administrator identity configurations, role definitions, MFA requirements, and access approval procedures. Compare documented requirements and configurations against the control objective to determine whether individual accountability, least privilege, and appropriate safeguards are adequately designed. | I9: After defining the assessment period and population, select a documented sample of vendor administrator accounts and privileged sessions. Compare each sampled account with approved access records, assigned roles, MFA enforcement records, and privileged activity logs. Determine whether access was individually attributable, authorized, appropriately restricted, and monitored. Record exceptions against predefined criteria. | J9: Not assessed | K9: Not assessed | L9: E-003 | O9: Pending validation | P9: Proposed privileged-access control and test procedures. The fictional scenario establishes use of shared vendor administrator accounts, but actual account privileges, authorized users, MFA enforcement, and monitoring practices remain unverified. No design or operating effectiveness testing has been performed.
E10: C-004 | F10: R-004 | G10: Establish and maintain a documented enterprise cybersecurity risk management process and centralized risk register that records identified risks, likelihood and impact assessments, assigned risk owners, treatment decisions, approval status, review dates, escalation criteria, and management reporting. | H10: Review the documented cybersecurity risk management policy, risk assessment methodology, risk register template, ownership requirements, risk acceptance authority, review schedule, escalation criteria, and management reporting procedures. Determine whether the proposed process is adequately designed to identify, assess, assign, prioritize, treat, monitor, and report cybersecurity risks. | I10: After establishing the assessment period and risk population, select a documented sample of cybersecurity risks. Verify that each sampled risk has an assessment, assigned owner, documented treatment decision, appropriate approvals, and evidence of periodic review or escalation where required. Compare sampled records against management reports and supporting documentation; record exceptions against predefined criteria. | J10: Not assessed | K10: Not assessed | L10: E-004 | O10: Pending validation | P10: Proposed enterprise cybersecurity risk management control and test procedures. The fictional scenario confirms that Sentinel lacks a documented cybersecurity risk register, but existing alternative risk management activities have not been assessed. No control design or operating effectiveness testing has been performed. Control ownership, approval, and implementation remain unverified.

Sheet Evidence Tracker
E5: GRC PROJECT 01 / TRAINING WORKSPACE / FOUR SIMULATED RISKS / EVIDENCE AND APPROVAL PENDING
E6: Evidence ID | F6: Risk ID | G6: Control ID | H6: Requested evidence | I6: Purpose / proposed coverage | J6: Custodian | K6: Request date | L6: Due date | M6: Received date | N6: Status | O6: Evidence location | P6: Reviewer | Q6: Validation status | R6: Review notes
E7: E-001 | F7: R-001 | G7: C-001 | H7: MFA policy, identity-provider enforcement configurations, account-level MFA coverage report, privileged-account coverage, approved exception register, compensating-control documentation, and dated authentication records. | I7: Confirm scope; evaluate design and operating effectiveness. Sampling population and period remain unverified. | J7: IT / Identity Administrator - proposed | N7: Planned request | Q7: Pending validation | R7: No evidence received or reviewed. E-001 identifies a planned request only.
